stage,slug,company,report_year,chunk_index,batch_index,source_md,n_chunks,start_page,end_page,chunk_tokens_est,n_evidence_lines_in_batch,prompt_tokens_est,elapsed_s,status,error_message,attempt_used,prompt_tokens_api,completion_tokens_api,total_tokens_api,n_evidence_rows_norm,n_rows_normalized
pass1,a_p_moller_maersk_a_s,A P MOLLER-MAERSK A/S,2024,1.0,,C:\Universita\TESI\esg_agent\RAG_full\marker_artifacts\a_p_moller_maersk_a_s\2024\focused\a_p_moller_maersk_a_s_2024_taxonomy_focused.md,1,95.0,101.0,7776,,8241,70.38801,ok,,2.0,8164.0,2421.0,10585.0,32.0,
pass2,a_p_moller_maersk_a_s,A P MOLLER-MAERSK A/S,2024,,1.0,C:\Universita\TESI\esg_agent\RAG_full\marker_artifacts\a_p_moller_maersk_a_s\2024\focused\a_p_moller_maersk_a_s_2024_taxonomy_focused.md,1,,,2280,32.0,2703,5.49358,ok,,1.0,2665.0,279.0,2944.0,,9.0
pass1,ab_volvo,AB VOLVO,2024,1.0,,C:\Universita\TESI\esg_agent\RAG_full\marker_artifacts\ab_volvo\2024\focused\ab_volvo_2024_taxonomy_focused.md,1,163.0,169.0,7803,,8260,15.342948,ok,,1.0,8048.0,988.0,9036.0,9.0,
pass2,ab_volvo,AB VOLVO,2024,,1.0,C:\Universita\TESI\esg_agent\RAG_full\marker_artifacts\ab_volvo\2024\focused\ab_volvo_2024_taxonomy_focused.md,1,,,666,9.0,1082,12.886463,ok,,1.0,1078.0,640.0,1718.0,,9.0
pass1,acs_actividades_de_construcci_n_y_servicios_s_a,"ACS, Actividades de Construcción y Servicios, S.A.",2023,1.0,,C:\Universita\TESI\esg_agent\RAG_full\marker_artifacts\acs_actividades_de_construcci_n_y_servicios_s_a\2023\focused\acs_actividades_de_construcci_n_y_servicios_s_a_2023_taxonomy_focused.md,1,381.0,396.0,17944,,18411,3.291355,ok,,1.0,18163.0,48.0,18211.0,0.0,
pass1,aib_group_plc,AIB Group plc,2023,1.0,,C:\Universita\TESI\esg_agent\RAG_full\marker_artifacts\aib_group_plc\2023\focused\aib_group_plc_2023_taxonomy_focused.md,2,65.0,332.0,20259,,20717,18.536195,ok,,1.0,20684.0,1121.0,21805.0,19.0,
pass1,aib_group_plc,AIB Group plc,2023,2.0,,C:\Universita\TESI\esg_agent\RAG_full\marker_artifacts\aib_group_plc\2023\focused\aib_group_plc_2023_taxonomy_focused.md,2,333.0,333.0,1288,,1746,3.028024,ok,,1.0,1751.0,46.0,1797.0,0.0,
pass2,aib_group_plc,AIB Group plc,2023,,1.0,C:\Universita\TESI\esg_agent\RAG_full\marker_artifacts\aib_group_plc\2023\focused\aib_group_plc_2023_taxonomy_focused.md,2,,,889,19.0,1306,3.305479,ok,,1.0,1300.0,495.0,1795.0,,19.0
pass1,airbus_se,AIRBUS SE,2024,1.0,,C:\Universita\TESI\esg_agent\RAG_full\marker_artifacts\airbus_se\2024\focused\airbus_se_2024_taxonomy_focused.md,1,199.0,205.0,7241,,7698,17.419946,ok,,1.0,7650.0,878.0,8528.0,9.0,
pass2,airbus_se,AIRBUS SE,2024,,1.0,C:\Universita\TESI\esg_agent\RAG_full\marker_artifacts\airbus_se\2024\focused\airbus_se_2024_taxonomy_focused.md,1,,,449,9.0,864,7.2559,ok,,1.0,865.0,460.0,1325.0,,7.0
pass1,akwel,AKWEL,2023,1.0,,C:\Universita\TESI\esg_agent\RAG_full\marker_artifacts\akwel\2023\focused\akwel_2023_taxonomy_focused.md,1,92.0,101.0,10110,,10567,7.391373,ok,,1.0,10541.0,1638.0,12179.0,24.0,
pass2,akwel,AKWEL,2023,,1.0,C:\Universita\TESI\esg_agent\RAG_full\marker_artifacts\akwel\2023\focused\akwel_2023_taxonomy_focused.md,1,,,1103,24.0,1518,9.845778,ok,,1.0,1512.0,656.0,2168.0,,15.0
pass1,akzo_nobel_nv,AKZO NOBEL NV,2024,1.0,,C:\Universita\TESI\esg_agent\RAG_full\marker_artifacts\akzo_nobel_nv\2024\focused\akzo_nobel_nv_2024_taxonomy_focused.md,1,49.0,55.0,4269,,4728,14.947549,ok,,1.0,4713.0,812.0,5525.0,11.0,
pass2,akzo_nobel_nv,AKZO NOBEL NV,2024,,1.0,C:\Universita\TESI\esg_agent\RAG_full\marker_artifacts\akzo_nobel_nv\2024\focused\akzo_nobel_nv_2024_taxonomy_focused.md,1,,,520,11.0,937,8.785192,ok,,1.0,936.0,533.0,1469.0,,11.0
pass1,amag_austria_metall_ag,AMAG Austria Metall AG,2023,1.0,,C:\Universita\TESI\esg_agent\RAG_full\marker_artifacts\amag_austria_metall_ag\2023\focused\amag_austria_metall_ag_2023_taxonomy_focused.md,1,31.0,36.0,7300,,7760,14.098628,ok,,1.0,7708.0,928.0,8636.0,9.0,
pass2,amag_austria_metall_ag,AMAG Austria Metall AG,2023,,1.0,C:\Universita\TESI\esg_agent\RAG_full\marker_artifacts\amag_austria_metall_ag\2023\focused\amag_austria_metall_ag_2023_taxonomy_focused.md,1,,,879,9.0,1298,5.008083,ok,,1.0,1291.0,209.0,1500.0,,3.0
pass1,arcelormittal_sa,ARCELORMITTAL SA,2024,1.0,,C:\Universita\TESI\esg_agent\RAG_full\marker_artifacts\arcelormittal_sa\2024\focused\arcelormittal_sa_2024_taxonomy_focused.md,1,63.0,69.0,6267,,6727,5.163032,ok,,1.0,6707.0,1036.0,7743.0,17.0,
pass2,arcelormittal_sa,ARCELORMITTAL SA,2024,,1.0,C:\Universita\TESI\esg_agent\RAG_full\marker_artifacts\arcelormittal_sa\2024\focused\arcelormittal_sa_2024_taxonomy_focused.md,1,,,818,17.0,1236,10.094276,ok,,1.0,1216.0,583.0,1799.0,,7.0
pass1,asml_holding_n_v,ASML HOLDING N.V.,2024,1.0,,C:\Universita\TESI\esg_agent\RAG_full\marker_artifacts\asml_holding_n_v\2024\focused\asml_holding_n_v_2024_taxonomy_focused.md,1,253.0,260.0,6297,,6756,19.44578,ok,,1.0,6715.0,1278.0,7993.0,18.0,
pass2,asml_holding_n_v,ASML HOLDING N.V.,2024,,1.0,C:\Universita\TESI\esg_agent\RAG_full\marker_artifacts\asml_holding_n_v\2024\focused\asml_holding_n_v_2024_taxonomy_focused.md,1,,,847,18.0,1265,7.193892,ok,,1.0,1266.0,381.0,1647.0,,11.0
pass1,atoss_software_se,ATOSS Software SE,2023,1.0,,C:\Universita\TESI\esg_agent\RAG_full\marker_artifacts\atoss_software_se\2023\focused\atoss_software_se_2023_taxonomy_focused.md,1,97.0,105.0,4616,,5074,11.963049,ok,,1.0,5061.0,713.0,5774.0,8.0,
pass2,atoss_software_se,ATOSS Software SE,2023,,1.0,C:\Universita\TESI\esg_agent\RAG_full\marker_artifacts\atoss_software_se\2023\focused\atoss_software_se_2023_taxonomy_focused.md,1,,,722,8.0,1139,8.516083,ok,,1.0,1135.0,443.0,1578.0,,8.0
pass1,acerinox_s_a,Acerinox S.A.,2023,1.0,,C:\Universita\TESI\esg_agent\RAG_full\marker_artifacts\acerinox_s_a\2023\focused\acerinox_s_a_2023_taxonomy_focused.md,2,52.0,275.0,20602,,21061,5.908953,ok,,1.0,20936.0,653.0,21589.0,9.0,
pass1,acerinox_s_a,Acerinox S.A.,2023,2.0,,C:\Universita\TESI\esg_agent\RAG_full\marker_artifacts\acerinox_s_a\2023\focused\acerinox_s_a_2023_taxonomy_focused.md,2,276.0,278.0,1336,,1795,5.504199,ok,,1.0,1798.0,857.0,2655.0,6.0,
pass2,acerinox_s_a,Acerinox S.A.,2023,,1.0,C:\Universita\TESI\esg_agent\RAG_full\marker_artifacts\acerinox_s_a\2023\focused\acerinox_s_a_2023_taxonomy_focused.md,2,,,1197,15.0,1614,11.612594,ok,,1.0,1603.0,745.0,2348.0,,10.0
pass1,ackermans_van_haaren,Ackermans & van Haaren,2023,1.0,,C:\Universita\TESI\esg_agent\RAG_full\marker_artifacts\ackermans_van_haaren\2023\focused\ackermans_van_haaren_2023_taxonomy_focused.md,1,95.0,99.0,6842,,7303,25.453725,ok,,1.0,7312.0,1853.0,9165.0,26.0,
pass2,ackermans_van_haaren,Ackermans & van Haaren,2023,,1.0,C:\Universita\TESI\esg_agent\RAG_full\marker_artifacts\ackermans_van_haaren\2023\focused\ackermans_van_haaren_2023_taxonomy_focused.md,1,,,1187,26.0,1607,9.526081,ok,,1.0,1635.0,538.0,2173.0,,15.0
pass1,aena_s_m_e_s_a,"Aena S.M.E., S.A.",2023,1.0,,C:\Universita\TESI\esg_agent\RAG_full\marker_artifacts\aena_s_m_e_s_a\2023\focused\aena_s_m_e_s_a_2023_taxonomy_focused.md,2,297.0,315.0,20214,,20676,5.068921,ok,,1.0,20541.0,806.0,21347.0,12.0,
pass1,aena_s_m_e_s_a,"Aena S.M.E., S.A.",2023,2.0,,C:\Universita\TESI\esg_agent\RAG_full\marker_artifacts\aena_s_m_e_s_a\2023\focused\aena_s_m_e_s_a_2023_taxonomy_focused.md,2,316.0,318.0,3028,,3490,3.148196,ok,,1.0,3452.0,38.0,3490.0,0.0,
pass2,aena_s_m_e_s_a,"Aena S.M.E., S.A.",2023,,1.0,C:\Universita\TESI\esg_agent\RAG_full\marker_artifacts\aena_s_m_e_s_a\2023\focused\aena_s_m_e_s_a_2023_taxonomy_focused.md,2,,,719,12.0,1139,8.044588,ok,,1.0,1139.0,464.0,1603.0,,12.0
pass1,agrana_beteiligungs_ag,Agrana Beteiligungs-AG,2023,1.0,,C:\Universita\TESI\esg_agent\RAG_full\marker_artifacts\agrana_beteiligungs_ag\2023\focused\agrana_beteiligungs_ag_2023_taxonomy_focused.md,1,59.0,67.0,5435,,5898,33.267388,ok,,1.0,5816.0,48.0,5864.0,0.0,
pass1,allianz_se,Allianz SE,2023,1.0,,C:\Universita\TESI\esg_agent\RAG_full\marker_artifacts\allianz_se\2023\focused\allianz_se_2023_taxonomy_focused.md,1,96.0,110.0,19037,,19495,12.030617,ok,,1.0,19182.0,654.0,19836.0,14.0,
pass2,allianz_se,Allianz SE,2023,,1.0,C:\Universita\TESI\esg_agent\RAG_full\marker_artifacts\allianz_se\2023\focused\allianz_se_2023_taxonomy_focused.md,1,,,586,14.0,1003,13.875656,ok,,1.0,1020.0,588.0,1608.0,,14.0
pass1,alzchem_group_ag,Alzchem Group AG,2023,1.0,,C:\Universita\TESI\esg_agent\RAG_full\marker_artifacts\alzchem_group_ag\2023\focused\alzchem_group_ag_2023_taxonomy_focused.md,1,117.0,126.0,11951,,12410,30.019981,ok,,1.0,12397.0,2046.0,14443.0,26.0,
pass2,alzchem_group_ag,Alzchem Group AG,2023,,1.0,C:\Universita\TESI\esg_agent\RAG_full\marker_artifacts\alzchem_group_ag\2023\focused\alzchem_group_ag_2023_taxonomy_focused.md,1,,,1500,26.0,1917,8.800278,ok,,1.0,1886.0,533.0,2419.0,,11.0
pass1,andritz_ag,Andritz AG,2023,1.0,,C:\Universita\TESI\esg_agent\RAG_full\marker_artifacts\andritz_ag\2023\focused\andritz_ag_2023_taxonomy_focused.md,1,43.0,53.0,8010,,8467,5.654884,ok,,1.0,8413.0,1176.0,9589.0,11.0,
pass2,andritz_ag,Andritz AG,2023,,1.0,C:\Universita\TESI\esg_agent\RAG_full\marker_artifacts\andritz_ag\2023\focused\andritz_ag_2023_taxonomy_focused.md,1,,,620,11.0,1036,9.475038,ok,,1.0,1038.0,559.0,1597.0,,11.0
pass1,audax_renovables_s_a,"Audax Renovables, S.A.",2023,1.0,,C:\Universita\TESI\esg_agent\RAG_full\marker_artifacts\audax_renovables_s_a\2023\focused\audax_renovables_s_a_2023_taxonomy_focused.md,1,146.0,225.0,7499,,7961,16.044659,ok,,1.0,7914.0,988.0,8902.0,10.0,
pass2,audax_renovables_s_a,"Audax Renovables, S.A.",2023,,1.0,C:\Universita\TESI\esg_agent\RAG_full\marker_artifacts\audax_renovables_s_a\2023\focused\audax_renovables_s_a_2023_taxonomy_focused.md,1,,,786,10.0,1206,5.873735,ok,,1.0,1194.0,310.0,1504.0,,4.0
pass1,azkoyen_s_a,"Azkoyen, S.A.",2023,1.0,,C:\Universita\TESI\esg_agent\RAG_full\marker_artifacts\azkoyen_s_a\2023\focused\azkoyen_s_a_2023_taxonomy_focused.md,1,235.0,241.0,8906,,9367,18.791827,ok,,1.0,9081.0,1282.0,10363.0,11.0,
pass2,azkoyen_s_a,"Azkoyen, S.A.",2023,,1.0,C:\Universita\TESI\esg_agent\RAG_full\marker_artifacts\azkoyen_s_a\2023\focused\azkoyen_s_a_2023_taxonomy_focused.md,1,,,1071,11.0,1491,9.184525,ok,,1.0,1424.0,513.0,1937.0,,9.0
pass1,bawag_group_ag,BAWAG Group AG,2023,1.0,,C:\Universita\TESI\esg_agent\RAG_full\marker_artifacts\bawag_group_ag\2023\focused\bawag_group_ag_2023_taxonomy_focused.md,2,338.0,345.0,20613,,21072,5.112971,ok,,1.0,21154.0,675.0,21829.0,20.0,
pass1,bawag_group_ag,BAWAG Group AG,2023,2.0,,C:\Universita\TESI\esg_agent\RAG_full\marker_artifacts\bawag_group_ag\2023\focused\bawag_group_ag_2023_taxonomy_focused.md,2,346.0,359.0,14185,,14644,21.047324,ok,,1.0,14569.0,1333.0,15902.0,20.0,
pass2,bawag_group_ag,BAWAG Group AG,2023,,1.0,C:\Universita\TESI\esg_agent\RAG_full\marker_artifacts\bawag_group_ag\2023\focused\bawag_group_ag_2023_taxonomy_focused.md,2,,,2556,40.0,2974,23.744013,ok,,1.0,2955.0,1533.0,4488.0,,40.0
pass1,bmw_ag_vz,BMW AG Vz,2023,1.0,,C:\Universita\TESI\esg_agent\RAG_full\marker_artifacts\bmw_ag_vz\2023\focused\bmw_ag_vz_2023_taxonomy_focused.md,2,77.0,333.0,21147,,21605,16.145106,ok,,1.0,21491.0,1024.0,22515.0,12.0,
pass1,bmw_ag_vz,BMW AG Vz,2023,2.0,,C:\Universita\TESI\esg_agent\RAG_full\marker_artifacts\bmw_ag_vz\2023\focused\bmw_ag_vz_2023_taxonomy_focused.md,2,334.0,337.0,3006,,3464,4.064101,ok,,1.0,3444.0,46.0,3490.0,0.0,
pass2,bmw_ag_vz,BMW AG Vz,2023,,1.0,C:\Universita\TESI\esg_agent\RAG_full\marker_artifacts\bmw_ag_vz\2023\focused\bmw_ag_vz_2023_taxonomy_focused.md,2,,,729,12.0,1146,9.98007,ok,,1.0,1148.0,657.0,1805.0,,8.0
pass1,banco_santander_s_a,"Banco Santander, S.A.",2023,1.0,,C:\Universita\TESI\esg_agent\RAG_full\marker_artifacts\banco_santander_s_a\2023\focused\banco_santander_s_a_2023_taxonomy_focused.md,3,96.0,111.0,20601,,21062,17.858983,ok,,1.0,21001.0,1013.0,22014.0,20.0,
pass1,banco_santander_s_a,"Banco Santander, S.A.",2023,2.0,,C:\Universita\TESI\esg_agent\RAG_full\marker_artifacts\banco_santander_s_a\2023\focused\banco_santander_s_a_2023_taxonomy_focused.md,3,112.0,124.0,20313,,20774,5.861228,ok,,1.0,20741.0,179.0,20920.0,0.0,
pass1,banco_santander_s_a,"Banco Santander, S.A.",2023,3.0,,C:\Universita\TESI\esg_agent\RAG_full\marker_artifacts\banco_santander_s_a\2023\focused\banco_santander_s_a_2023_taxonomy_focused.md,3,125.0,128.0,4018,,4479,51.227725,ok,,1.0,4441.0,1405.0,5846.0,14.0,
pass2,banco_santander_s_a,"Banco Santander, S.A.",2023,,1.0,C:\Universita\TESI\esg_agent\RAG_full\marker_artifacts\banco_santander_s_a\2023\focused\banco_santander_s_a_2023_taxonomy_focused.md,3,,,2490,34.0,2910,19.553609,ok,,1.0,2876.0,1220.0,4096.0,,34.0
pass1,bayer_ag,Bayer AG,2023,1.0,,C:\Universita\TESI\esg_agent\RAG_full\marker_artifacts\bayer_ag\2023\focused\bayer_ag_2023_taxonomy_focused.md,1,66.0,77.0,9638,,10095,13.857743,ok,,1.0,10090.0,897.0,10987.0,11.0,
pass2,bayer_ag,Bayer AG,2023,,1.0,C:\Universita\TESI\esg_agent\RAG_full\marker_artifacts\bayer_ag\2023\focused\bayer_ag_2023_taxonomy_focused.md,1,,,824,11.0,1240,6.825008,ok,,1.0,1239.0,400.0,1639.0,,9.0
pass1,bechtle_ag,Bechtle AG,2023,1.0,,C:\Universita\TESI\esg_agent\RAG_full\marker_artifacts\bechtle_ag\2023\focused\bechtle_ag_2023_taxonomy_focused.md,1,110.0,115.0,4086,,4544,12.549154,ok,,1.0,4536.0,534.0,5070.0,6.0,
pass2,bechtle_ag,Bechtle AG,2023,,1.0,C:\Universita\TESI\esg_agent\RAG_full\marker_artifacts\bechtle_ag\2023\focused\bechtle_ag_2023_taxonomy_focused.md,1,,,284,6.0,701,7.494731,ok,,1.0,705.0,384.0,1089.0,,6.0
pass1,beiersdorf_ag,Beiersdorf AG,2023,1.0,,C:\Universita\TESI\esg_agent\RAG_full\marker_artifacts\beiersdorf_ag\2023\focused\beiersdorf_ag_2023_taxonomy_focused.md,1,128.0,135.0,7579,,8037,28.377534,ok,,1.0,8014.0,1667.0,9681.0,15.0,
pass2,beiersdorf_ag,Beiersdorf AG,2023,,1.0,C:\Universita\TESI\esg_agent\RAG_full\marker_artifacts\beiersdorf_ag\2023\focused\beiersdorf_ag_2023_taxonomy_focused.md,1,,,754,15.0,1171,7.457197,ok,,1.0,1167.0,396.0,1563.0,,15.0
pass1,bike24_holding_ag,Bike24 Holding AG,2023,1.0,,C:\Universita\TESI\esg_agent\RAG_full\marker_artifacts\bike24_holding_ag\2023\focused\bike24_holding_ag_2023_taxonomy_focused.md,1,77.0,88.0,8567,,9025,8.997121,ok,,1.0,8819.0,474.0,9293.0,4.0,
pass2,bike24_holding_ag,Bike24 Holding AG,2023,,1.0,C:\Universita\TESI\esg_agent\RAG_full\marker_artifacts\bike24_holding_ag\2023\focused\bike24_holding_ag_2023_taxonomy_focused.md,1,,,165,4.0,583,7.459052,ok,,1.0,583.0,416.0,999.0,,4.0
pass1,bilfinger_se,Bilfinger SE,2023,1.0,,C:\Universita\TESI\esg_agent\RAG_full\marker_artifacts\bilfinger_se\2023\focused\bilfinger_se_2023_taxonomy_focused.md,1,143.0,153.0,14784,,15242,6.876077,ok,,1.0,15163.0,27.0,15190.0,0.0,
pass1,brenntag_se,Brenntag SE,2023,1.0,,C:\Universita\TESI\esg_agent\RAG_full\marker_artifacts\brenntag_se\2023\focused\brenntag_se_2023_taxonomy_focused.md,1,118.0,124.0,7975,,8433,18.803172,ok,,1.0,8426.0,1284.0,9710.0,21.0,
pass2,brenntag_se,Brenntag SE,2023,,1.0,C:\Universita\TESI\esg_agent\RAG_full\marker_artifacts\brenntag_se\2023\focused\brenntag_se_2023_taxonomy_focused.md,1,,,1114,21.0,1530,13.478477,ok,,1.0,1522.0,882.0,2404.0,,18.0
pass1,ca_immobilien_anlagen_ag,CA Immobilien Anlagen AG,2023,1.0,,C:\Universita\TESI\esg_agent\RAG_full\marker_artifacts\ca_immobilien_anlagen_ag\2023\focused\ca_immobilien_anlagen_ag_2023_taxonomy_focused.md,1,95.0,101.0,4766,,5227,8.956582,ok,,1.0,5171.0,455.0,5626.0,6.0,
pass2,ca_immobilien_anlagen_ag,CA Immobilien Anlagen AG,2023,,1.0,C:\Universita\TESI\esg_agent\RAG_full\marker_artifacts\ca_immobilien_anlagen_ag\2023\focused\ca_immobilien_anlagen_ag_2023_taxonomy_focused.md,1,,,266,6.0,686,11.200231,ok,,1.0,693.0,488.0,1181.0,,5.0
pass1,carrefour,CARREFOUR,2024,1.0,,C:\Universita\TESI\esg_agent\RAG_full\marker_artifacts\carrefour\2024\focused\carrefour_2024_taxonomy_focused.md,1,158.0,181.0,15916,,16374,21.43143,ok,,1.0,16145.0,1474.0,17619.0,26.0,
pass2,carrefour,CARREFOUR,2024,,1.0,C:\Universita\TESI\esg_agent\RAG_full\marker_artifacts\carrefour\2024\focused\carrefour_2024_taxonomy_focused.md,1,,,1343,26.0,1760,13.795945,ok,,1.0,1752.0,969.0,2721.0,,26.0
pass1,cewe_stiftung_co_kgaa,CEWE Stiftung & Co. KGaA,2023,1.0,,C:\Universita\TESI\esg_agent\RAG_full\marker_artifacts\cewe_stiftung_co_kgaa\2023\focused\cewe_stiftung_co_kgaa_2023_taxonomy_focused.md,1,201.0,207.0,8712,,9177,17.817002,ok,,1.0,9146.0,1174.0,10320.0,12.0,
pass2,cewe_stiftung_co_kgaa,CEWE Stiftung & Co. KGaA,2023,,1.0,C:\Universita\TESI\esg_agent\RAG_full\marker_artifacts\cewe_stiftung_co_kgaa\2023\focused\cewe_stiftung_co_kgaa_2023_taxonomy_focused.md,1,,,761,12.0,1185,5.520545,ok,,1.0,1180.0,272.0,1452.0,,7.0
pass1,christian_dior,CHRISTIAN DIOR,2024,1.0,,C:\Universita\TESI\esg_agent\RAG_full\marker_artifacts\christian_dior\2024\focused\christian_dior_2024_taxonomy_focused.md,1,169.0,177.0,4579,,5038,6.232849,ok,,1.0,4710.0,965.0,5675.0,12.0,
pass2,christian_dior,CHRISTIAN DIOR,2024,,1.0,C:\Universita\TESI\esg_agent\RAG_full\marker_artifacts\christian_dior\2024\focused\christian_dior_2024_taxonomy_focused.md,1,,,646,12.0,1063,9.002282,ok,,1.0,1066.0,315.0,1381.0,,6.0
pass1,cie_automotive_s_a,"CIE Automotive, S.A.",2023,1.0,,C:\Universita\TESI\esg_agent\RAG_full\marker_artifacts\cie_automotive_s_a\2023\focused\cie_automotive_s_a_2023_taxonomy_focused.md,1,275.0,281.0,6862,,7322,10.049728,ok,,1.0,7317.0,321.0,7638.0,3.0,
pass2,cie_automotive_s_a,"CIE Automotive, S.A.",2023,,1.0,C:\Universita\TESI\esg_agent\RAG_full\marker_artifacts\cie_automotive_s_a\2023\focused\cie_automotive_s_a_2023_taxonomy_focused.md,1,,,204,3.0,623,3.455123,ok,,1.0,629.0,102.0,731.0,,3.0
pass1,commerzbank_ag,Commerzbank AG,2023,1.0,,C:\Universita\TESI\esg_agent\RAG_full\marker_artifacts\commerzbank_ag\2023\focused\commerzbank_ag_2023_taxonomy_focused.md,6,56.0,101.0,20010,,20469,7.622335,ok,,1.0,20405.0,316.0,20721.0,2.0,
pass1,commerzbank_ag,Commerzbank AG,2023,2.0,,C:\Universita\TESI\esg_agent\RAG_full\marker_artifacts\commerzbank_ag\2023\focused\commerzbank_ag_2023_taxonomy_focused.md,6,102.0,118.0,20819,,21278,2.830126,ok,,1.0,21141.0,28.0,21169.0,0.0,
pass1,commerzbank_ag,Commerzbank AG,2023,3.0,,C:\Universita\TESI\esg_agent\RAG_full\marker_artifacts\commerzbank_ag\2023\focused\commerzbank_ag_2023_taxonomy_focused.md,6,119.0,139.0,20226,,20685,9.454355,ok,,1.0,20528.0,413.0,20941.0,5.0,
pass1,commerzbank_ag,Commerzbank AG,2023,4.0,,C:\Universita\TESI\esg_agent\RAG_full\marker_artifacts\commerzbank_ag\2023\focused\commerzbank_ag_2023_taxonomy_focused.md,6,140.0,152.0,23608,,24067,36.139652,ok,,1.0,23803.0,178.0,23981.0,0.0,
pass1,commerzbank_ag,Commerzbank AG,2023,5.0,,C:\Universita\TESI\esg_agent\RAG_full\marker_artifacts\commerzbank_ag\2023\focused\commerzbank_ag_2023_taxonomy_focused.md,6,153.0,174.0,21105,,21564,141.36431,error,LLM call failed after 3 retries: Empty LLM output,,,,,,
pass1,commerzbank_ag,Commerzbank AG,2023,6.0,,C:\Universita\TESI\esg_agent\RAG_full\marker_artifacts\commerzbank_ag\2023\focused\commerzbank_ag_2023_taxonomy_focused.md,6,175.0,187.0,9339,,9798,17.692245,ok,,1.0,9700.0,1212.0,10912.0,16.0,
pass2,commerzbank_ag,Commerzbank AG,2023,,1.0,C:\Universita\TESI\esg_agent\RAG_full\marker_artifacts\commerzbank_ag\2023\focused\commerzbank_ag_2023_taxonomy_focused.md,6,,,1643,23.0,2061,15.021626,ok,,1.0,2042.0,1026.0,3068.0,,23.0
pass1,compagnie_de_l_odet_se,Compagnie de l'Odet SE,2023,1.0,,C:\Universita\TESI\esg_agent\RAG_full\marker_artifacts\compagnie_de_l_odet_se\2023\focused\compagnie_de_l_odet_se_2023_taxonomy_focused.md,1,62.0,73.0,16838,,17300,18.120922,ok,,1.0,17165.0,1170.0,18335.0,18.0,
pass2,compagnie_de_l_odet_se,Compagnie de l'Odet SE,2023,,1.0,C:\Universita\TESI\esg_agent\RAG_full\marker_artifacts\compagnie_de_l_odet_se\2023\focused\compagnie_de_l_odet_se_2023_taxonomy_focused.md,1,,,936,18.0,1357,12.667257,ok,,1.0,1359.0,762.0,2121.0,,18.0
pass1,continental_ag,Continental AG,2023,1.0,,C:\Universita\TESI\esg_agent\RAG_full\marker_artifacts\continental_ag\2023\focused\continental_ag_2023_taxonomy_focused.md,1,58.0,63.0,7312,,7769,16.190438,ok,,1.0,7755.0,1087.0,8842.0,14.0,
pass2,continental_ag,Continental AG,2023,,1.0,C:\Universita\TESI\esg_agent\RAG_full\marker_artifacts\continental_ag\2023\focused\continental_ag_2023_taxonomy_focused.md,1,,,1024,14.0,1440,7.701368,ok,,1.0,1427.0,451.0,1878.0,,8.0
pass1,corporacion_financiera_alba_s_a,"Corporacion Financiera Alba, S.A.",2023,1.0,,C:\Universita\TESI\esg_agent\RAG_full\marker_artifacts\corporacion_financiera_alba_s_a\2023\focused\corporacion_financiera_alba_s_a_2023_taxonomy_focused.md,1,326.0,334.0,9991,,10456,13.447541,ok,,1.0,10426.0,768.0,11194.0,4.0,
pass2,corporacion_financiera_alba_s_a,"Corporacion Financiera Alba, S.A.",2023,,1.0,C:\Universita\TESI\esg_agent\RAG_full\marker_artifacts\corporacion_financiera_alba_s_a\2023\focused\corporacion_financiera_alba_s_a_2023_taxonomy_focused.md,1,,,400,4.0,823,4.485727,ok,,1.0,825.0,237.0,1062.0,,2.0
pass1,covestro_ag,Covestro AG,2023,1.0,,C:\Universita\TESI\esg_agent\RAG_full\marker_artifacts\covestro_ag\2023\focused\covestro_ag_2023_taxonomy_focused.md,2,183.0,199.0,22712,,23170,4.057619,ok,,1.0,23060.0,43.0,23103.0,0.0,
pass1,covestro_ag,Covestro AG,2023,2.0,,C:\Universita\TESI\esg_agent\RAG_full\marker_artifacts\covestro_ag\2023\focused\covestro_ag_2023_taxonomy_focused.md,2,200.0,201.0,22,,480,2.743988,ok,,1.0,486.0,33.0,519.0,0.0,
pass1,do_co_ag,DO & CO AG,2023,1.0,,C:\Universita\TESI\esg_agent\RAG_full\marker_artifacts\do_co_ag\2023\focused\do_co_ag_2023_taxonomy_focused.md,1,26.0,34.0,8584,,9042,16.185245,ok,,1.0,9011.0,1077.0,10088.0,18.0,
pass2,do_co_ag,DO & CO AG,2023,,1.0,C:\Universita\TESI\esg_agent\RAG_full\marker_artifacts\do_co_ag\2023\focused\do_co_ag_2023_taxonomy_focused.md,1,,,941,18.0,1358,14.826914,ok,,1.0,1353.0,940.0,2293.0,,14.0
pass1,ds_smith_limited,DS SMITH LIMITED,2024,1.0,,C:\Universita\TESI\esg_agent\RAG_full\marker_artifacts\ds_smith_limited\2024\focused\ds_smith_limited_2024_taxonomy_focused.md,1,79.0,84.0,6314,,6772,17.894143,ok,,1.0,6728.0,880.0,7608.0,10.0,
pass2,ds_smith_limited,DS SMITH LIMITED,2024,,1.0,C:\Universita\TESI\esg_agent\RAG_full\marker_artifacts\ds_smith_limited\2024\focused\ds_smith_limited_2024_taxonomy_focused.md,1,,,589,10.0,1006,6.325482,ok,,1.0,1020.0,271.0,1291.0,,5.0
pass1,daimler_ag,Daimler AG,2023,1.0,,C:\Universita\TESI\esg_agent\RAG_full\marker_artifacts\daimler_ag\2023\focused\daimler_ag_2023_taxonomy_focused.md,1,118.0,127.0,10766,,11224,19.413232,ok,,1.0,11196.0,1302.0,12498.0,14.0,
pass2,daimler_ag,Daimler AG,2023,,1.0,C:\Universita\TESI\esg_agent\RAG_full\marker_artifacts\daimler_ag\2023\focused\daimler_ag_2023_taxonomy_focused.md,1,,,1232,14.0,1648,7.468865,ok,,1.0,1628.0,142.0,1770.0,,5.0
pass1,daimler_truck_holding_ag,Daimler Truck Holding AG,2023,1.0,,C:\Universita\TESI\esg_agent\RAG_full\marker_artifacts\daimler_truck_holding_ag\2023\focused\daimler_truck_holding_ag_2023_taxonomy_focused.md,1,100.0,106.0,7651,,8111,16.744159,ok,,1.0,8122.0,1006.0,9128.0,15.0,
pass2,daimler_truck_holding_ag,Daimler Truck Holding AG,2023,,1.0,C:\Universita\TESI\esg_agent\RAG_full\marker_artifacts\daimler_truck_holding_ag\2023\focused\daimler_truck_holding_ag_2023_taxonomy_focused.md,1,,,859,15.0,1278,4.698054,ok,,1.0,1272.0,125.0,1397.0,,4.0
pass1,dassault_aviation,Dassault Aviation,2023,1.0,,C:\Universita\TESI\esg_agent\RAG_full\marker_artifacts\dassault_aviation\2023\focused\dassault_aviation_2023_taxonomy_focused.md,1,118.0,124.0,5739,,6197,8.307939,ok,,1.0,6168.0,395.0,6563.0,2.0,
pass2,dassault_aviation,Dassault Aviation,2023,,1.0,C:\Universita\TESI\esg_agent\RAG_full\marker_artifacts\dassault_aviation\2023\focused\dassault_aviation_2023_taxonomy_focused.md,1,,,126,2.0,542,2.235625,ok,,1.0,548.0,50.0,598.0,,1.0
pass1,delivery_hero_se,Delivery Hero SE,2023,1.0,,C:\Universita\TESI\esg_agent\RAG_full\marker_artifacts\delivery_hero_se\2023\focused\delivery_hero_se_2023_taxonomy_focused.md,1,69.0,219.0,20143,,20600,15.139807,ok,,1.0,20531.0,866.0,21397.0,14.0,
pass2,delivery_hero_se,Delivery Hero SE,2023,,1.0,C:\Universita\TESI\esg_agent\RAG_full\marker_artifacts\delivery_hero_se\2023\focused\delivery_hero_se_2023_taxonomy_focused.md,1,,,774,14.0,1189,8.699645,ok,,1.0,1184.0,492.0,1676.0,,6.0
pass1,deutsche_lufthansa_ag,Deutsche Lufthansa AG,2023,1.0,,C:\Universita\TESI\esg_agent\RAG_full\marker_artifacts\deutsche_lufthansa_ag\2023\focused\deutsche_lufthansa_ag_2023_taxonomy_focused.md,1,119.0,329.0,16293,,16754,7.353225,ok,,1.0,16392.0,249.0,16641.0,5.0,
pass2,deutsche_lufthansa_ag,Deutsche Lufthansa AG,2023,,1.0,C:\Universita\TESI\esg_agent\RAG_full\marker_artifacts\deutsche_lufthansa_ag\2023\focused\deutsche_lufthansa_ag_2023_taxonomy_focused.md,1,,,192,5.0,611,8.019451,ok,,1.0,614.0,293.0,907.0,,4.0
pass1,deutsche_post_ag,Deutsche Post AG,2023,1.0,,C:\Universita\TESI\esg_agent\RAG_full\marker_artifacts\deutsche_post_ag\2023\focused\deutsche_post_ag_2023_taxonomy_focused.md,1,59.0,96.0,19761,,20219,2.23862,ok,,1.0,20115.0,28.0,20143.0,0.0,
pass1,deutsche_telekom_ag,Deutsche Telekom AG,2023,1.0,,C:\Universita\TESI\esg_agent\RAG_full\marker_artifacts\deutsche_telekom_ag\2023\focused\deutsche_telekom_ag_2023_taxonomy_focused.md,1,100.0,106.0,9267,,9726,18.166475,ok,,1.0,9718.0,1141.0,10859.0,15.0,
pass2,deutsche_telekom_ag,Deutsche Telekom AG,2023,,1.0,C:\Universita\TESI\esg_agent\RAG_full\marker_artifacts\deutsche_telekom_ag\2023\focused\deutsche_telekom_ag_2023_taxonomy_focused.md,1,,,877,15.0,1295,5.614556,ok,,1.0,1289.0,215.0,1504.0,,5.0
pass1,deutz_ag,Deutz AG,2023,1.0,,C:\Universita\TESI\esg_agent\RAG_full\marker_artifacts\deutz_ag\2023\focused\deutz_ag_2023_taxonomy_focused.md,1,151.0,155.0,5779,,6236,19.01221,ok,,1.0,6237.0,1309.0,7546.0,18.0,
pass2,deutz_ag,Deutz AG,2023,,1.0,C:\Universita\TESI\esg_agent\RAG_full\marker_artifacts\deutz_ag\2023\focused\deutz_ag_2023_taxonomy_focused.md,1,,,893,18.0,1309,11.358253,ok,,1.0,1301.0,755.0,2056.0,,16.0
pass1,d_rr_ag,Dürr AG,2023,1.0,,C:\Universita\TESI\esg_agent\RAG_full\marker_artifacts\d_rr_ag\2023\focused\d_rr_ag_2023_taxonomy_focused.md,1,63.0,75.0,10782,,11239,23.095587,ok,,1.0,11242.0,1584.0,12826.0,20.0,
pass2,d_rr_ag,Dürr AG,2023,,1.0,C:\Universita\TESI\esg_agent\RAG_full\marker_artifacts\d_rr_ag\2023\focused\d_rr_ag_2023_taxonomy_focused.md,1,,,1484,20.0,1901,10.309976,ok,,1.0,1892.0,595.0,2487.0,,11.0
pass1,e_on_se,E.ON SE,2023,1.0,,C:\Universita\TESI\esg_agent\RAG_full\marker_artifacts\e_on_se\2023\focused\e_on_se_2023_taxonomy_focused.md,1,271.0,277.0,14859,,15316,3.275592,ok,,1.0,15186.0,27.0,15213.0,0.0,
pass1,e_on_se,E.ON SE,2024,1.0,,C:\Universita\TESI\esg_agent\RAG_full\marker_artifacts\e_on_se\2024\focused\e_on_se_2024_taxonomy_focused.md,1,120.0,126.0,10349,,10806,20.513798,ok,,1.0,10755.0,1321.0,12076.0,23.0,
pass2,e_on_se,E.ON SE,2024,,1.0,C:\Universita\TESI\esg_agent\RAG_full\marker_artifacts\e_on_se\2024\focused\e_on_se_2024_taxonomy_focused.md,1,,,1167,23.0,1583,11.145378,ok,,1.0,1555.0,696.0,2251.0,,23.0
pass1,edp_renov_veis_s_a,"EDP Renováveis, S.A.",2023,1.0,,C:\Universita\TESI\esg_agent\RAG_full\marker_artifacts\edp_renov_veis_s_a\2023\focused\edp_renov_veis_s_a_2023_taxonomy_focused.md,1,191.0,199.0,11916,,12378,19.818518,ok,,1.0,12318.0,992.0,13310.0,9.0,
pass2,edp_renov_veis_s_a,"EDP Renováveis, S.A.",2023,,1.0,C:\Universita\TESI\esg_agent\RAG_full\marker_artifacts\edp_renov_veis_s_a\2023\focused\edp_renov_veis_s_a_2023_taxonomy_focused.md,1,,,932,9.0,1353,2.850634,ok,,1.0,1340.0,100.0,1440.0,,3.0
pass1,eni_s_p_a,ENI S.P.A.,2024,1.0,,C:\Universita\TESI\esg_agent\RAG_full\marker_artifacts\eni_s_p_a\2024\focused\eni_s_p_a_2024_taxonomy_focused.md,1,184.0,253.0,11548,,12007,26.775659,ok,,1.0,11923.0,1896.0,13819.0,31.0,
pass2,eni_s_p_a,ENI S.P.A.,2024,,1.0,C:\Universita\TESI\esg_agent\RAG_full\marker_artifacts\eni_s_p_a\2024\focused\eni_s_p_a_2024_taxonomy_focused.md,1,,,1656,31.0,2073,16.815906,ok,,1.0,2036.0,1118.0,3154.0,,22.0
pass1,equinor_asa,EQUINOR ASA,2024,1.0,,C:\Universita\TESI\esg_agent\RAG_full\marker_artifacts\equinor_asa\2024\focused\equinor_asa_2024_taxonomy_focused.md,1,303.0,309.0,4876,,5335,5.573928,ok,,1.0,5278.0,1001.0,6279.0,15.0,
pass2,equinor_asa,EQUINOR ASA,2024,,1.0,C:\Universita\TESI\esg_agent\RAG_full\marker_artifacts\equinor_asa\2024\focused\equinor_asa_2024_taxonomy_focused.md,1,,,624,15.0,1041,6.666303,ok,,1.0,1035.0,280.0,1315.0,,4.0
pass1,eckert_ziegler_se,Eckert & Ziegler SE,2023,1.0,,C:\Universita\TESI\esg_agent\RAG_full\marker_artifacts\eckert_ziegler_se\2023\focused\eckert_ziegler_se_2023_taxonomy_focused.md,1,40.0,44.0,4018,,4480,7.493633,ok,,1.0,4474.0,337.0,4811.0,4.0,
pass2,eckert_ziegler_se,Eckert & Ziegler SE,2023,,1.0,C:\Universita\TESI\esg_agent\RAG_full\marker_artifacts\eckert_ziegler_se\2023\focused\eckert_ziegler_se_2023_taxonomy_focused.md,1,,,281,4.0,702,6.040254,ok,,1.0,711.0,284.0,995.0,,3.0
pass1,elmos_semiconductor_se,Elmos Semiconductor SE,2023,1.0,,C:\Universita\TESI\esg_agent\RAG_full\marker_artifacts\elmos_semiconductor_se\2023\focused\elmos_semiconductor_se_2023_taxonomy_focused.md,1,24.0,30.0,9717,,10175,13.209063,ok,,1.0,10119.0,842.0,10961.0,9.0,
pass2,elmos_semiconductor_se,Elmos Semiconductor SE,2023,,1.0,C:\Universita\TESI\esg_agent\RAG_full\marker_artifacts\elmos_semiconductor_se\2023\focused\elmos_semiconductor_se_2023_taxonomy_focused.md,1,,,794,9.0,1211,3.47515,ok,,1.0,1205.0,108.0,1313.0,,2.0
pass1,elringklinger_ag,ElringKlinger AG,2023,1.0,,C:\Universita\TESI\esg_agent\RAG_full\marker_artifacts\elringklinger_ag\2023\focused\elringklinger_ag_2023_taxonomy_focused.md,1,44.0,61.0,13756,,14215,23.276087,ok,,1.0,14230.0,1475.0,15705.0,23.0,
pass2,elringklinger_ag,ElringKlinger AG,2023,,1.0,C:\Universita\TESI\esg_agent\RAG_full\marker_artifacts\elringklinger_ag\2023\focused\elringklinger_ag_2023_taxonomy_focused.md,1,,,922,23.0,1340,10.888781,ok,,1.0,1351.0,677.0,2028.0,,17.0
pass1,enbw_energie_baden_w_rttemberg_ag,EnBW Energie Baden-Württemberg AG,2023,1.0,,C:\Universita\TESI\esg_agent\RAG_full\marker_artifacts\enbw_energie_baden_w_rttemberg_ag\2023\focused\enbw_energie_baden_w_rttemberg_ag_2023_taxonomy_focused.md,1,147.0,153.0,11572,,12038,3.124221,ok,,1.0,11996.0,42.0,12038.0,0.0,
pass1,enag_s_s_a,"Enagás, S.A.",2023,1.0,,C:\Universita\TESI\esg_agent\RAG_full\marker_artifacts\enag_s_s_a\2023\focused\enag_s_s_a_2023_taxonomy_focused.md,1,36.0,44.0,12417,,12877,22.651351,ok,,1.0,12809.0,1568.0,14377.0,16.0,
pass2,enag_s_s_a,"Enagás, S.A.",2023,,1.0,C:\Universita\TESI\esg_agent\RAG_full\marker_artifacts\enag_s_s_a\2023\focused\enag_s_s_a_2023_taxonomy_focused.md,1,,,783,16.0,1202,8.4298,ok,,1.0,1172.0,494.0,1666.0,,9.0
pass1,endesa_s_a,"Endesa, S.A.",2023,1.0,,C:\Universita\TESI\esg_agent\RAG_full\marker_artifacts\endesa_s_a\2023\focused\endesa_s_a_2023_taxonomy_focused.md,1,31.0,35.0,3927,,4386,44.774131,ok,,1.0,4368.0,943.0,5311.0,15.0,
pass2,endesa_s_a,"Endesa, S.A.",2023,,1.0,C:\Universita\TESI\esg_agent\RAG_full\marker_artifacts\endesa_s_a\2023\focused\endesa_s_a_2023_taxonomy_focused.md,1,,,545,15.0,963,6.94913,ok,,1.0,972.0,389.0,1361.0,,15.0
pass1,evonik_industries_ag,Evonik Industries AG,2023,1.0,,C:\Universita\TESI\esg_agent\RAG_full\marker_artifacts\evonik_industries_ag\2023\focused\evonik_industries_ag_2023_taxonomy_focused.md,1,225.0,230.0,6938,,7397,27.17448,ok,,1.0,7347.0,1542.0,8889.0,18.0,
pass2,evonik_industries_ag,Evonik Industries AG,2023,,1.0,C:\Universita\TESI\esg_agent\RAG_full\marker_artifacts\evonik_industries_ag\2023\focused\evonik_industries_ag_2023_taxonomy_focused.md,1,,,927,18.0,1345,12.888843,ok,,1.0,1318.0,691.0,2009.0,,8.0
pass1,frequentis_ag,FREQUENTIS AG,2023,1.0,,C:\Universita\TESI\esg_agent\RAG_full\marker_artifacts\frequentis_ag\2023\focused\frequentis_ag_2023_taxonomy_focused.md,1,105.0,114.0,10030,,10490,11.387405,ok,,1.0,10470.0,407.0,10877.0,6.0,
pass2,frequentis_ag,FREQUENTIS AG,2023,,1.0,C:\Universita\TESI\esg_agent\RAG_full\marker_artifacts\frequentis_ag\2023\focused\frequentis_ag_2023_taxonomy_focused.md,1,,,295,6.0,713,3.456436,ok,,1.0,715.0,78.0,793.0,,1.0
pass1,fuchs_se,FUCHS SE,2023,1.0,,C:\Universita\TESI\esg_agent\RAG_full\marker_artifacts\fuchs_se\2023\focused\fuchs_se_2023_taxonomy_focused.md,1,102.0,110.0,7893,,8351,20.857095,ok,,1.0,8321.0,1540.0,9861.0,17.0,
pass2,fuchs_se,FUCHS SE,2023,,1.0,C:\Universita\TESI\esg_agent\RAG_full\marker_artifacts\fuchs_se\2023\focused\fuchs_se_2023_taxonomy_focused.md,1,,,773,17.0,1190,12.208843,ok,,1.0,1189.0,665.0,1854.0,,17.0
pass1,fuchs_se,FUCHS SE,2024,1.0,,C:\Universita\TESI\esg_agent\RAG_full\marker_artifacts\fuchs_se\2024\focused\fuchs_se_2024_taxonomy_focused.md,1,136.0,145.0,6954,,7412,6.932824,ok,,1.0,6789.0,1627.0,8416.0,18.0,
pass2,fuchs_se,FUCHS SE,2024,,1.0,C:\Universita\TESI\esg_agent\RAG_full\marker_artifacts\fuchs_se\2024\focused\fuchs_se_2024_taxonomy_focused.md,1,,,1170,18.0,1587,8.276543,ok,,1.0,1584.0,468.0,2052.0,,12.0
pass1,famicord_ag,FamiCord AG,2023,1.0,,C:\Universita\TESI\esg_agent\RAG_full\marker_artifacts\famicord_ag\2023\focused\famicord_ag_2023_taxonomy_focused.md,1,59.0,63.0,2551,,3010,5.594185,ok,,1.0,3026.0,98.0,3124.0,0.0,
pass1,flughafen_wien_ag,Flughafen Wien AG,2023,1.0,,C:\Universita\TESI\esg_agent\RAG_full\marker_artifacts\flughafen_wien_ag\2023\focused\flughafen_wien_ag_2023_taxonomy_focused.md,1,70.0,74.0,7499,,7958,14.827309,ok,,1.0,7910.0,926.0,8836.0,16.0,
pass2,flughafen_wien_ag,Flughafen Wien AG,2023,,1.0,C:\Universita\TESI\esg_agent\RAG_full\marker_artifacts\flughafen_wien_ag\2023\focused\flughafen_wien_ag_2023_taxonomy_focused.md,1,,,1049,16.0,1466,10.39814,ok,,1.0,1451.0,693.0,2144.0,,16.0
pass1,fraport_ag,Fraport AG,2023,1.0,,C:\Universita\TESI\esg_agent\RAG_full\marker_artifacts\fraport_ag\2023\focused\fraport_ag_2023_taxonomy_focused.md,1,107.0,116.0,15810,,16268,3.060235,ok,,1.0,16237.0,40.0,16277.0,0.0,
pass1,fresenius_medical_care_ag,Fresenius Medical Care AG,2023,1.0,,C:\Universita\TESI\esg_agent\RAG_full\marker_artifacts\fresenius_medical_care_ag\2023\focused\fresenius_medical_care_ag_2023_taxonomy_focused.md,1,127.0,133.0,8930,,9391,19.555338,ok,,1.0,9354.0,1182.0,10536.0,10.0,
pass2,fresenius_medical_care_ag,Fresenius Medical Care AG,2023,,1.0,C:\Universita\TESI\esg_agent\RAG_full\marker_artifacts\fresenius_medical_care_ag\2023\focused\fresenius_medical_care_ag_2023_taxonomy_focused.md,1,,,844,10.0,1264,4.668226,ok,,1.0,1262.0,222.0,1484.0,,5.0
pass1,fresenius_se_co_kgaa,Fresenius SE & Co. KGaA,2023,1.0,,C:\Universita\TESI\esg_agent\RAG_full\marker_artifacts\fresenius_se_co_kgaa\2023\focused\fresenius_se_co_kgaa_2023_taxonomy_focused.md,1,193.0,199.0,8252,,8717,13.29877,ok,,1.0,8684.0,840.0,9524.0,13.0,
pass2,fresenius_se_co_kgaa,Fresenius SE & Co. KGaA,2023,,1.0,C:\Universita\TESI\esg_agent\RAG_full\marker_artifacts\fresenius_se_co_kgaa\2023\focused\fresenius_se_co_kgaa_2023_taxonomy_focused.md,1,,,734,13.0,1158,5.553602,ok,,1.0,1160.0,235.0,1395.0,,6.0
pass1,friedrich_vorwerk_group_se,Friedrich Vorwerk Group SE,2023,1.0,,C:\Universita\TESI\esg_agent\RAG_full\marker_artifacts\friedrich_vorwerk_group_se\2023\focused\friedrich_vorwerk_group_se_2023_taxonomy_focused.md,1,39.0,45.0,5774,,6235,15.569434,ok,,1.0,6238.0,1076.0,7314.0,20.0,
pass2,friedrich_vorwerk_group_se,Friedrich Vorwerk Group SE,2023,,1.0,C:\Universita\TESI\esg_agent\RAG_full\marker_artifacts\friedrich_vorwerk_group_se\2023\focused\friedrich_vorwerk_group_se_2023_taxonomy_focused.md,1,,,928,20.0,1347,9.305335,ok,,1.0,1354.0,580.0,1934.0,,10.0
pass1,galp_energia_sgps_s_a,GALP ENERGIA SGPS S.A.,2024,1.0,,C:\Universita\TESI\esg_agent\RAG_full\marker_artifacts\galp_energia_sgps_s_a\2024\focused\galp_energia_sgps_s_a_2024_taxonomy_focused.md,1,68.0,74.0,6248,,6713,24.477658,ok,,1.0,6644.0,1782.0,8426.0,27.0,
pass2,galp_energia_sgps_s_a,GALP ENERGIA SGPS S.A.,2024,,1.0,C:\Universita\TESI\esg_agent\RAG_full\marker_artifacts\galp_energia_sgps_s_a\2024\focused\galp_energia_sgps_s_a_2024_taxonomy_focused.md,1,,,1504,27.0,1927,8.048237,ok,,1.0,1887.0,517.0,2404.0,,10.0
pass1,gea_group_aktiengesellschaft,GEA Group Aktiengesellschaft,2023,1.0,,C:\Universita\TESI\esg_agent\RAG_full\marker_artifacts\gea_group_aktiengesellschaft\2023\focused\gea_group_aktiengesellschaft_2023_taxonomy_focused.md,2,126.0,142.0,20380,,20842,2.864644,ok,,1.0,20754.0,45.0,20799.0,0.0,
pass1,gea_group_aktiengesellschaft,GEA Group Aktiengesellschaft,2023,2.0,,C:\Universita\TESI\esg_agent\RAG_full\marker_artifacts\gea_group_aktiengesellschaft\2023\focused\gea_group_aktiengesellschaft_2023_taxonomy_focused.md,2,143.0,147.0,2075,,2538,5.310025,ok,,1.0,2525.0,773.0,3298.0,12.0,
pass2,gea_group_aktiengesellschaft,GEA Group Aktiengesellschaft,2023,,1.0,C:\Universita\TESI\esg_agent\RAG_full\marker_artifacts\gea_group_aktiengesellschaft\2023\focused\gea_group_aktiengesellschaft_2023_taxonomy_focused.md,2,,,720,12.0,1141,9.184344,ok,,1.0,1135.0,518.0,1653.0,,12.0
pass1,gestamp_automoci_n_s_a,"Gestamp Automoción, S.A.",2023,1.0,,C:\Universita\TESI\esg_agent\RAG_full\marker_artifacts\gestamp_automoci_n_s_a\2023\focused\gestamp_automoci_n_s_a_2023_taxonomy_focused.md,1,51.0,110.0,16507,,16970,12.849366,ok,,1.0,16813.0,771.0,17584.0,4.0,
pass2,gestamp_automoci_n_s_a,"Gestamp Automoción, S.A.",2023,,1.0,C:\Universita\TESI\esg_agent\RAG_full\marker_artifacts\gestamp_automoci_n_s_a\2023\focused\gestamp_automoci_n_s_a_2023_taxonomy_focused.md,1,,,189,4.0,611,4.245034,ok,,1.0,614.0,293.0,907.0,,2.0
pass1,grammer_aktiengesellschaft,Grammer Aktiengesellschaft,2023,1.0,,C:\Universita\TESI\esg_agent\RAG_full\marker_artifacts\grammer_aktiengesellschaft\2023\focused\grammer_aktiengesellschaft_2023_taxonomy_focused.md,1,73.0,83.0,8859,,9320,32.660634,ok,,1.0,9324.0,2164.0,11488.0,21.0,
pass2,grammer_aktiengesellschaft,Grammer Aktiengesellschaft,2023,,1.0,C:\Universita\TESI\esg_agent\RAG_full\marker_artifacts\grammer_aktiengesellschaft\2023\focused\grammer_aktiengesellschaft_2023_taxonomy_focused.md,1,,,1661,21.0,2081,12.170691,ok,,1.0,2064.0,733.0,2797.0,,11.0
pass1,heineken_holding_n_v,HEINEKEN HOLDING N.V.,2024,1.0,,C:\Universita\TESI\esg_agent\RAG_full\marker_artifacts\heineken_holding_n_v\2024\focused\heineken_holding_n_v_2024_taxonomy_focused.md,1,202.0,208.0,4558,,5019,26.710091,ok,,1.0,5026.0,1531.0,6557.0,15.0,
pass2,heineken_holding_n_v,HEINEKEN HOLDING N.V.,2024,,1.0,C:\Universita\TESI\esg_agent\RAG_full\marker_artifacts\heineken_holding_n_v\2024\focused\heineken_holding_n_v_2024_taxonomy_focused.md,1,,,1017,15.0,1436,11.35703,ok,,1.0,1435.0,635.0,2070.0,,15.0
pass1,hella_gmbh_co_kgaa,HELLA GmbH & Co. KGaA,2023,1.0,,C:\Universita\TESI\esg_agent\RAG_full\marker_artifacts\hella_gmbh_co_kgaa\2023\focused\hella_gmbh_co_kgaa_2023_taxonomy_focused.md,1,88.0,95.0,9962,,10425,6.477872,ok,,1.0,10430.0,1104.0,11534.0,12.0,
pass2,hella_gmbh_co_kgaa,HELLA GmbH & Co. KGaA,2023,,1.0,C:\Universita\TESI\esg_agent\RAG_full\marker_artifacts\hella_gmbh_co_kgaa\2023\focused\hella_gmbh_co_kgaa_2023_taxonomy_focused.md,1,,,772,12.0,1193,14.595712,ok,,1.0,1192.0,941.0,2133.0,,7.0
pass1,henkel_ag_co_kgaa,HENKEL AG & CO. KGAA,2024,1.0,,C:\Universita\TESI\esg_agent\RAG_full\marker_artifacts\henkel_ag_co_kgaa\2024\focused\henkel_ag_co_kgaa_2024_taxonomy_focused.md,1,122.0,130.0,6356,,6819,5.13365,ok,,1.0,6828.0,1058.0,7886.0,13.0,
pass2,henkel_ag_co_kgaa,HENKEL AG & CO. KGAA,2024,,1.0,C:\Universita\TESI\esg_agent\RAG_full\marker_artifacts\henkel_ag_co_kgaa\2024\focused\henkel_ag_co_kgaa_2024_taxonomy_focused.md,1,,,796,13.0,1217,8.884836,ok,,1.0,1218.0,524.0,1742.0,,11.0
pass1,hochtief_ag,HOCHTIEF AG,2023,1.0,,C:\Universita\TESI\esg_agent\RAG_full\marker_artifacts\hochtief_ag\2023\focused\hochtief_ag_2023_taxonomy_focused.md,1,209.0,218.0,13243,,13703,6.660879,ok,,1.0,13665.0,41.0,13706.0,0.0,
pass1,hamburger_hafen_und_logistik_ag,Hamburger Hafen und Logistik AG,2023,1.0,,C:\Universita\TESI\esg_agent\RAG_full\marker_artifacts\hamburger_hafen_und_logistik_ag\2023\focused\hamburger_hafen_und_logistik_ag_2023_taxonomy_focused.md,1,128.0,132.0,7451,,7913,8.244459,ok,,1.0,7883.0,479.0,8362.0,7.0,
pass2,hamburger_hafen_und_logistik_ag,Hamburger Hafen und Logistik AG,2023,,1.0,C:\Universita\TESI\esg_agent\RAG_full\marker_artifacts\hamburger_hafen_und_logistik_ag\2023\focused\hamburger_hafen_und_logistik_ag_2023_taxonomy_focused.md,1,,,281,7.0,702,6.935234,ok,,1.0,700.0,360.0,1060.0,,7.0
pass1,hawesko_holding_se,Hawesko Holding SE,2023,1.0,,C:\Universita\TESI\esg_agent\RAG_full\marker_artifacts\hawesko_holding_se\2023\focused\hawesko_holding_se_2023_taxonomy_focused.md,1,50.0,58.0,9570,,10030,11.207065,ok,,1.0,9968.0,521.0,10489.0,4.0,
pass2,hawesko_holding_se,Hawesko Holding SE,2023,,1.0,C:\Universita\TESI\esg_agent\RAG_full\marker_artifacts\hawesko_holding_se\2023\focused\hawesko_holding_se_2023_taxonomy_focused.md,1,,,183,4.0,601,7.149823,ok,,1.0,610.0,333.0,943.0,,3.0
pass1,heidelberg_materials_ag,Heidelberg Materials AG,2023,1.0,,C:\Universita\TESI\esg_agent\RAG_full\marker_artifacts\heidelberg_materials_ag\2023\focused\heidelberg_materials_ag_2023_taxonomy_focused.md,1,129.0,135.0,7544,,8002,18.41038,ok,,1.0,7994.0,1210.0,9204.0,12.0,
pass2,heidelberg_materials_ag,Heidelberg Materials AG,2023,,1.0,C:\Universita\TESI\esg_agent\RAG_full\marker_artifacts\heidelberg_materials_ag\2023\focused\heidelberg_materials_ag_2023_taxonomy_focused.md,1,,,1140,12.0,1557,4.922164,ok,,1.0,1555.0,220.0,1775.0,,3.0
pass1,hugo_boss_ag,Hugo Boss AG,2023,1.0,,C:\Universita\TESI\esg_agent\RAG_full\marker_artifacts\hugo_boss_ag\2023\focused\hugo_boss_ag_2023_taxonomy_focused.md,1,286.0,292.0,6029,,6487,4.276895,ok,,1.0,6478.0,226.0,6704.0,0.0,
pass1,iberdrola_sa,IBERDROLA SA,2024,1.0,,C:\Universita\TESI\esg_agent\RAG_full\marker_artifacts\iberdrola_sa\2024\focused\iberdrola_sa_2024_taxonomy_focused.md,1,201.0,209.0,5918,,6378,30.287654,ok,,1.0,6357.0,2122.0,8479.0,11.0,
pass2,iberdrola_sa,IBERDROLA SA,2024,,1.0,C:\Universita\TESI\esg_agent\RAG_full\marker_artifacts\iberdrola_sa\2024\focused\iberdrola_sa_2024_taxonomy_focused.md,1,,,679,11.0,1097,9.131757,ok,,1.0,1089.0,424.0,1513.0,,11.0
pass1,industria_de_diseno_textil_s_a,INDUSTRIA DE DISENO TEXTIL S.A.,2024,1.0,,C:\Universita\TESI\esg_agent\RAG_full\marker_artifacts\industria_de_diseno_textil_s_a\2024\focused\industria_de_diseno_textil_s_a_2024_taxonomy_focused.md,1,211.0,218.0,3883,,4348,3.996509,ok,,1.0,4314.0,461.0,4775.0,8.0,
pass2,industria_de_diseno_textil_s_a,INDUSTRIA DE DISENO TEXTIL S.A.,2024,,1.0,C:\Universita\TESI\esg_agent\RAG_full\marker_artifacts\industria_de_diseno_textil_s_a\2024\focused\industria_de_diseno_textil_s_a_2024_taxonomy_focused.md,1,,,340,8.0,763,4.101156,ok,,1.0,768.0,123.0,891.0,,4.0
pass1,international_consolidated_airlines_group_s_a,INTERNATIONAL CONSOLIDATED AIRLINES GROUP S.A,2024,1.0,,C:\Universita\TESI\esg_agent\RAG_full\marker_artifacts\international_consolidated_airlines_group_s_a\2024\focused\international_consolidated_airlines_group_s_a_2024_taxonomy_focused.md,1,331.0,337.0,4433,,4898,12.4761,ok,,1.0,4889.0,658.0,5547.0,9.0,
pass2,international_consolidated_airlines_group_s_a,INTERNATIONAL CONSOLIDATED AIRLINES GROUP S.A,2024,,1.0,C:\Universita\TESI\esg_agent\RAG_full\marker_artifacts\international_consolidated_airlines_group_s_a\2024\focused\international_consolidated_airlines_group_s_a_2024_taxonomy_focused.md,1,,,416,9.0,839,4.478577,ok,,1.0,828.0,204.0,1032.0,,3.0
pass1,iss_a_s,ISS A/S,2024,1.0,,C:\Universita\TESI\esg_agent\RAG_full\marker_artifacts\iss_a_s\2024\focused\iss_a_s_2024_taxonomy_focused.md,1,51.0,97.0,14524,,14981,11.12111,ok,,1.0,14934.0,643.0,15577.0,2.0,
pass2,iss_a_s,ISS A/S,2024,,1.0,C:\Universita\TESI\esg_agent\RAG_full\marker_artifacts\iss_a_s\2024\focused\iss_a_s_2024_taxonomy_focused.md,1,,,167,2.0,582,6.016567,ok,,1.0,591.0,281.0,872.0,,2.0
pass1,ivu_traffic_technologies_ag,IVU Traffic Technologies AG,2023,1.0,,C:\Universita\TESI\esg_agent\RAG_full\marker_artifacts\ivu_traffic_technologies_ag\2023\focused\ivu_traffic_technologies_ag_2023_taxonomy_focused.md,1,39.0,44.0,5302,,5761,42.94944,ok,,1.0,5741.0,801.0,6542.0,2.0,
pass2,ivu_traffic_technologies_ag,IVU Traffic Technologies AG,2023,,1.0,C:\Universita\TESI\esg_agent\RAG_full\marker_artifacts\ivu_traffic_technologies_ag\2023\focused\ivu_traffic_technologies_ag_2023_taxonomy_focused.md,1,,,151,2.0,568,5.919025,ok,,1.0,579.0,297.0,876.0,,2.0
pass1,immofinanz_ag,Immofinanz AG,2023,1.0,,C:\Universita\TESI\esg_agent\RAG_full\marker_artifacts\immofinanz_ag\2023\focused\immofinanz_ag_2023_taxonomy_focused.md,1,128.0,136.0,6579,,7038,11.261238,ok,,1.0,7041.0,546.0,7587.0,9.0,
pass2,immofinanz_ag,Immofinanz AG,2023,,1.0,C:\Universita\TESI\esg_agent\RAG_full\marker_artifacts\immofinanz_ag\2023\focused\immofinanz_ag_2023_taxonomy_focused.md,1,,,479,9.0,897,9.71516,ok,,1.0,898.0,373.0,1271.0,,4.0
pass1,industria_de_dise_o_textil_s_a,"Industria de Diseño Textil, S.A.",2023,1.0,,C:\Universita\TESI\esg_agent\RAG_full\marker_artifacts\industria_de_dise_o_textil_s_a\2023\focused\industria_de_dise_o_textil_s_a_2023_taxonomy_focused.md,1,364.0,370.0,5355,,5819,15.075539,ok,,1.0,5846.0,731.0,6577.0,5.0,
pass2,industria_de_dise_o_textil_s_a,"Industria de Diseño Textil, S.A.",2023,,1.0,C:\Universita\TESI\esg_agent\RAG_full\marker_artifacts\industria_de_dise_o_textil_s_a\2023\focused\industria_de_dise_o_textil_s_a_2023_taxonomy_focused.md,1,,,503,5.0,925,5.081154,ok,,1.0,930.0,238.0,1168.0,,4.0
pass1,instone_real_estate_group,Instone Real Estate Group,2023,1.0,,C:\Universita\TESI\esg_agent\RAG_full\marker_artifacts\instone_real_estate_group\2023\focused\instone_real_estate_group_2023_taxonomy_focused.md,1,100.0,104.0,6660,,7119,20.297827,ok,,1.0,7131.0,1361.0,8492.0,10.0,
pass2,instone_real_estate_group,Instone Real Estate Group,2023,,1.0,C:\Universita\TESI\esg_agent\RAG_full\marker_artifacts\instone_real_estate_group\2023\focused\instone_real_estate_group_2023_taxonomy_focused.md,1,,,848,10.0,1265,8.082726,ok,,1.0,1268.0,337.0,1605.0,,3.0
pass1,jeronimo_martins_sgps_s_a,JERONIMO MARTINS SGPS S.A.,2024,1.0,,C:\Universita\TESI\esg_agent\RAG_full\marker_artifacts\jeronimo_martins_sgps_s_a\2024\focused\jeronimo_martins_sgps_s_a_2024_taxonomy_focused.md,1,321.0,328.0,6358,,6822,10.99798,ok,,1.0,6764.0,739.0,7503.0,8.0,
pass2,jeronimo_martins_sgps_s_a,JERONIMO MARTINS SGPS S.A.,2024,,1.0,C:\Universita\TESI\esg_agent\RAG_full\marker_artifacts\jeronimo_martins_sgps_s_a\2024\focused\jeronimo_martins_sgps_s_a_2024_taxonomy_focused.md,1,,,445,8.0,867,6.942186,ok,,1.0,870.0,385.0,1255.0,,6.0
pass1,jenoptik_ag,Jenoptik AG,2023,1.0,,C:\Universita\TESI\esg_agent\RAG_full\marker_artifacts\jenoptik_ag\2023\focused\jenoptik_ag_2023_taxonomy_focused.md,1,154.0,161.0,8860,,9319,21.569122,ok,,1.0,9343.0,1393.0,10736.0,21.0,
pass2,jenoptik_ag,Jenoptik AG,2023,,1.0,C:\Universita\TESI\esg_agent\RAG_full\marker_artifacts\jenoptik_ag\2023\focused\jenoptik_ag_2023_taxonomy_focused.md,1,,,1197,21.0,1614,9.550401,ok,,1.0,1610.0,601.0,2211.0,,9.0
pass1,jungheinrich_ag,Jungheinrich AG,2023,1.0,,C:\Universita\TESI\esg_agent\RAG_full\marker_artifacts\jungheinrich_ag\2023\focused\jungheinrich_ag_2023_taxonomy_focused.md,1,87.0,95.0,11804,,12264,36.794882,ok,,1.0,12234.0,2444.0,14678.0,26.0,
pass2,jungheinrich_ag,Jungheinrich AG,2023,,1.0,C:\Universita\TESI\esg_agent\RAG_full\marker_artifacts\jungheinrich_ag\2023\focused\jungheinrich_ag_2023_taxonomy_focused.md,1,,,1278,26.0,1697,15.635171,ok,,1.0,1683.0,1012.0,2695.0,,22.0
pass1,k_s_aktiengesellschaft,K+S Aktiengesellschaft,2023,1.0,,C:\Universita\TESI\esg_agent\RAG_full\marker_artifacts\k_s_aktiengesellschaft\2023\focused\k_s_aktiengesellschaft_2023_taxonomy_focused.md,1,101.0,107.0,11842,,12303,17.524456,ok,,1.0,12269.0,1199.0,13468.0,15.0,
pass2,k_s_aktiengesellschaft,K+S Aktiengesellschaft,2023,,1.0,C:\Universita\TESI\esg_agent\RAG_full\marker_artifacts\k_s_aktiengesellschaft\2023\focused\k_s_aktiengesellschaft_2023_taxonomy_focused.md,1,,,892,15.0,1312,38.554394,ok,,1.0,1300.0,412.0,1712.0,,7.0
pass1,koninklijke_ahold_delhaize_n_v,KONINKLIJKE AHOLD DELHAIZE N.V.,2024,1.0,,C:\Universita\TESI\esg_agent\RAG_full\marker_artifacts\koninklijke_ahold_delhaize_n_v\2024\focused\koninklijke_ahold_delhaize_n_v_2024_taxonomy_focused.md,1,194.0,201.0,5727,,6194,19.114312,ok,,1.0,6183.0,1122.0,7305.0,19.0,
pass2,koninklijke_ahold_delhaize_n_v,KONINKLIJKE AHOLD DELHAIZE N.V.,2024,,1.0,C:\Universita\TESI\esg_agent\RAG_full\marker_artifacts\koninklijke_ahold_delhaize_n_v\2024\focused\koninklijke_ahold_delhaize_n_v_2024_taxonomy_focused.md,1,,,1016,19.0,1441,12.875493,ok,,1.0,1430.0,833.0,2263.0,,14.0
pass1,ksb_se_co_kgaa_vz,KSB SE & Co. KGaA Vz,2023,1.0,,C:\Universita\TESI\esg_agent\RAG_full\marker_artifacts\ksb_se_co_kgaa_vz\2023\focused\ksb_se_co_kgaa_vz_2023_taxonomy_focused.md,1,49.0,57.0,12963,,13428,13.389135,ok,,1.0,13418.0,812.0,14230.0,11.0,
pass2,ksb_se_co_kgaa_vz,KSB SE & Co. KGaA Vz,2023,,1.0,C:\Universita\TESI\esg_agent\RAG_full\marker_artifacts\ksb_se_co_kgaa_vz\2023\focused\ksb_se_co_kgaa_vz_2023_taxonomy_focused.md,1,,,674,11.0,1098,5.985703,ok,,1.0,1100.0,297.0,1397.0,,8.0
pass1,kl_ckner_co_se,Klöckner & Co SE,2023,1.0,,C:\Universita\TESI\esg_agent\RAG_full\marker_artifacts\kl_ckner_co_se\2023\focused\kl_ckner_co_se_2023_taxonomy_focused.md,1,155.0,163.0,7021,,7483,18.841516,ok,,1.0,7435.0,1329.0,8764.0,12.0,
pass2,kl_ckner_co_se,Klöckner & Co SE,2023,,1.0,C:\Universita\TESI\esg_agent\RAG_full\marker_artifacts\kl_ckner_co_se\2023\focused\kl_ckner_co_se_2023_taxonomy_focused.md,1,,,1033,12.0,1454,6.166064,ok,,1.0,1450.0,287.0,1737.0,,7.0
pass1,knorr_bremse_ag,Knorr-Bremse AG,2023,1.0,,C:\Universita\TESI\esg_agent\RAG_full\marker_artifacts\knorr_bremse_ag\2023\focused\knorr_bremse_ag_2023_taxonomy_focused.md,1,69.0,77.0,11644,,12104,35.420226,ok,,1.0,12036.0,2494.0,14530.0,34.0,
pass2,knorr_bremse_ag,Knorr-Bremse AG,2023,,1.0,C:\Universita\TESI\esg_agent\RAG_full\marker_artifacts\knorr_bremse_ag\2023\focused\knorr_bremse_ag_2023_taxonomy_focused.md,1,,,2288,34.0,2707,9.933026,ok,,1.0,2686.0,561.0,3247.0,,12.0
pass1,koenig_bauer_ag,Koenig & Bauer AG,2023,1.0,,C:\Universita\TESI\esg_agent\RAG_full\marker_artifacts\koenig_bauer_ag\2023\focused\koenig_bauer_ag_2023_taxonomy_focused.md,1,165.0,175.0,7914,,8374,15.826387,ok,,1.0,8363.0,1084.0,9447.0,12.0,
pass2,koenig_bauer_ag,Koenig & Bauer AG,2023,,1.0,C:\Universita\TESI\esg_agent\RAG_full\marker_artifacts\koenig_bauer_ag\2023\focused\koenig_bauer_ag_2023_taxonomy_focused.md,1,,,727,12.0,1146,6.573969,ok,,1.0,1146.0,361.0,1507.0,,6.0
pass1,krones_ag,Krones AG,2023,1.0,,C:\Universita\TESI\esg_agent\RAG_full\marker_artifacts\krones_ag\2023\focused\krones_ag_2023_taxonomy_focused.md,1,137.0,145.0,8487,,8944,12.612159,ok,,1.0,8981.0,712.0,9693.0,11.0,
pass2,krones_ag,Krones AG,2023,,1.0,C:\Universita\TESI\esg_agent\RAG_full\marker_artifacts\krones_ag\2023\focused\krones_ag_2023_taxonomy_focused.md,1,,,625,11.0,1040,8.093301,ok,,1.0,1036.0,432.0,1468.0,,9.0
pass1,l_oreal,L'OREAL,2024,1.0,,C:\Universita\TESI\esg_agent\RAG_full\marker_artifacts\l_oreal\2024\focused\l_oreal_2024_taxonomy_focused.md,1,211.0,220.0,8719,,9177,19.471704,ok,,1.0,9113.0,1266.0,10379.0,15.0,
pass2,l_oreal,L'OREAL,2024,,1.0,C:\Universita\TESI\esg_agent\RAG_full\marker_artifacts\l_oreal\2024\focused\l_oreal_2024_taxonomy_focused.md,1,,,723,15.0,1140,8.425428,ok,,1.0,1146.0,506.0,1652.0,,8.0
pass1,lacroix_group,LACROIX Group,2023,1.0,,C:\Universita\TESI\esg_agent\RAG_full\marker_artifacts\lacroix_group\2023\focused\lacroix_group_2023_taxonomy_focused.md,1,71.0,79.0,6627,,7086,28.284298,ok,,1.0,7046.0,1847.0,8893.0,26.0,
pass2,lacroix_group,LACROIX Group,2023,,1.0,C:\Universita\TESI\esg_agent\RAG_full\marker_artifacts\lacroix_group\2023\focused\lacroix_group_2023_taxonomy_focused.md,1,,,1213,26.0,1631,10.747022,ok,,1.0,1622.0,539.0,2161.0,,26.0
pass1,lanxess_ag,LANXESS AG,2023,1.0,,C:\Universita\TESI\esg_agent\RAG_full\marker_artifacts\lanxess_ag\2023\focused\lanxess_ag_2023_taxonomy_focused.md,1,70.0,76.0,8904,,9362,21.363401,ok,,1.0,9338.0,1336.0,10674.0,16.0,
pass2,lanxess_ag,LANXESS AG,2023,,1.0,C:\Universita\TESI\esg_agent\RAG_full\marker_artifacts\lanxess_ag\2023\focused\lanxess_ag_2023_taxonomy_focused.md,1,,,953,16.0,1369,11.23635,ok,,1.0,1349.0,389.0,1738.0,,7.0
pass1,leg_immobilien_se,LEG Immobilien SE,2023,1.0,,C:\Universita\TESI\esg_agent\RAG_full\marker_artifacts\leg_immobilien_se\2023\focused\leg_immobilien_se_2023_taxonomy_focused.md,1,105.0,111.0,9067,,9526,17.306404,ok,,1.0,9428.0,1105.0,10533.0,12.0,
pass2,leg_immobilien_se,LEG Immobilien SE,2023,,1.0,C:\Universita\TESI\esg_agent\RAG_full\marker_artifacts\leg_immobilien_se\2023\focused\leg_immobilien_se_2023_taxonomy_focused.md,1,,,815,12.0,1233,37.254289,ok,,1.0,1210.0,375.0,1585.0,,6.0
pass1,lenzing_ag,Lenzing AG,2023,1.0,,C:\Universita\TESI\esg_agent\RAG_full\marker_artifacts\lenzing_ag\2023\focused\lenzing_ag_2023_taxonomy_focused.md,1,47.0,54.0,8235,,8691,18.625664,ok,,1.0,8657.0,1291.0,9948.0,16.0,
pass2,lenzing_ag,Lenzing AG,2023,,1.0,C:\Universita\TESI\esg_agent\RAG_full\marker_artifacts\lenzing_ag\2023\focused\lenzing_ag_2023_taxonomy_focused.md,1,,,1089,16.0,1504,12.810645,ok,,1.0,1495.0,730.0,2225.0,,11.0
pass1,mbb_se,MBB SE,2023,1.0,,C:\Universita\TESI\esg_agent\RAG_full\marker_artifacts\mbb_se\2023\focused\mbb_se_2023_taxonomy_focused.md,1,39.0,45.0,6857,,7314,7.58531,ok,,1.0,7351.0,1701.0,9052.0,24.0,
pass2,mbb_se,MBB SE,2023,,1.0,C:\Universita\TESI\esg_agent\RAG_full\marker_artifacts\mbb_se\2023\focused\mbb_se_2023_taxonomy_focused.md,1,,,1122,24.0,1537,10.881026,ok,,1.0,1532.0,629.0,2161.0,,12.0
pass1,mercedes_benz_group_ag,MERCEDES-BENZ GROUP AG,2024,1.0,,C:\Universita\TESI\esg_agent\RAG_full\marker_artifacts\mercedes_benz_group_ag\2024\focused\mercedes_benz_group_ag_2024_taxonomy_focused.md,1,186.0,196.0,7917,,8379,14.322256,ok,,1.0,8371.0,889.0,9260.0,6.0,
pass2,mercedes_benz_group_ag,MERCEDES-BENZ GROUP AG,2024,,1.0,C:\Universita\TESI\esg_agent\RAG_full\marker_artifacts\mercedes_benz_group_ag\2024\focused\mercedes_benz_group_ag_2024_taxonomy_focused.md,1,,,280,6.0,701,5.62488,ok,,1.0,702.0,241.0,943.0,,6.0
pass1,mtu_aero_engines_ag,MTU Aero Engines AG,2023,1.0,,C:\Universita\TESI\esg_agent\RAG_full\marker_artifacts\mtu_aero_engines_ag\2023\focused\mtu_aero_engines_ag_2023_taxonomy_focused.md,1,116.0,125.0,7929,,8388,19.255038,ok,,1.0,8398.0,1316.0,9714.0,14.0,
pass2,mtu_aero_engines_ag,MTU Aero Engines AG,2023,,1.0,C:\Universita\TESI\esg_agent\RAG_full\marker_artifacts\mtu_aero_engines_ag\2023\focused\mtu_aero_engines_ag_2023_taxonomy_focused.md,1,,,589,14.0,1006,12.198481,ok,,1.0,999.0,855.0,1854.0,,12.0
pass1,mediclin_ag,MediClin AG,2023,1.0,,C:\Universita\TESI\esg_agent\RAG_full\marker_artifacts\mediclin_ag\2023\focused\mediclin_ag_2023_taxonomy_focused.md,1,35.0,43.0,6353,,6811,14.405749,ok,,1.0,6824.0,870.0,7694.0,9.0,
pass2,mediclin_ag,MediClin AG,2023,,1.0,C:\Universita\TESI\esg_agent\RAG_full\marker_artifacts\mediclin_ag\2023\focused\mediclin_ag_2023_taxonomy_focused.md,1,,,630,9.0,1047,7.136593,ok,,1.0,1046.0,375.0,1421.0,,6.0
pass1,medios_ag,Medios AG,2023,1.0,,C:\Universita\TESI\esg_agent\RAG_full\marker_artifacts\medios_ag\2023\focused\medios_ag_2023_taxonomy_focused.md,1,57.0,65.0,9483,,9940,6.884019,ok,,1.0,9914.0,351.0,10265.0,4.0,
pass2,medios_ag,Medios AG,2023,,1.0,C:\Universita\TESI\esg_agent\RAG_full\marker_artifacts\medios_ag\2023\focused\medios_ag_2023_taxonomy_focused.md,1,,,304,4.0,720,38.511953,ok,,1.0,725.0,167.0,892.0,,2.0
pass1,melia_hotels_international_s_a,"Melia Hotels International, S.A.",2023,1.0,,C:\Universita\TESI\esg_agent\RAG_full\marker_artifacts\melia_hotels_international_s_a\2023\focused\melia_hotels_international_s_a_2023_taxonomy_focused.md,1,199.0,205.0,7287,,7748,34.046049,ok,,1.0,7688.0,588.0,8276.0,9.0,
pass2,melia_hotels_international_s_a,"Melia Hotels International, S.A.",2023,,1.0,C:\Universita\TESI\esg_agent\RAG_full\marker_artifacts\melia_hotels_international_s_a\2023\focused\melia_hotels_international_s_a_2023_taxonomy_focused.md,1,,,418,9.0,838,9.217348,ok,,1.0,840.0,324.0,1164.0,,3.0
pass1,minor_hotels_europe_americas_s_a,"Minor Hotels Europe & Americas, S.A.",2023,1.0,,C:\Universita\TESI\esg_agent\RAG_full\marker_artifacts\minor_hotels_europe_americas_s_a\2023\focused\minor_hotels_europe_americas_s_a_2023_taxonomy_focused.md,1,333.0,339.0,8358,,8820,25.579764,ok,,1.0,8769.0,1784.0,10553.0,19.0,
pass2,minor_hotels_europe_americas_s_a,"Minor Hotels Europe & Americas, S.A.",2023,,1.0,C:\Universita\TESI\esg_agent\RAG_full\marker_artifacts\minor_hotels_europe_americas_s_a\2023\focused\minor_hotels_europe_americas_s_a_2023_taxonomy_focused.md,1,,,1660,19.0,2081,5.800952,ok,,1.0,2076.0,248.0,2324.0,,6.0
pass1,mister_spex_se,Mister Spex SE,2023,1.0,,C:\Universita\TESI\esg_agent\RAG_full\marker_artifacts\mister_spex_se\2023\focused\mister_spex_se_2023_taxonomy_focused.md,1,27.0,35.0,8267,,8726,3.280308,ok,,1.0,8670.0,367.0,9037.0,5.0,
pass2,mister_spex_se,Mister Spex SE,2023,,1.0,C:\Universita\TESI\esg_agent\RAG_full\marker_artifacts\mister_spex_se\2023\focused\mister_spex_se_2023_taxonomy_focused.md,1,,,208,5.0,625,5.813399,ok,,1.0,635.0,533.0,1168.0,,3.0
pass1,norma_group_se,NORMA Group SE,2023,1.0,,C:\Universita\TESI\esg_agent\RAG_full\marker_artifacts\norma_group_se\2023\focused\norma_group_se_2023_taxonomy_focused.md,1,89.0,101.0,14410,,14869,33.763972,ok,,1.0,14844.0,2232.0,17076.0,25.0,
pass2,norma_group_se,NORMA Group SE,2023,,1.0,C:\Universita\TESI\esg_agent\RAG_full\marker_artifacts\norma_group_se\2023\focused\norma_group_se_2023_taxonomy_focused.md,1,,,1681,25.0,2099,19.412101,ok,,1.0,2081.0,1071.0,3152.0,,17.0
pass1,novo_nordisk_a_s,NOVO NORDISK A/S,2024,1.0,,C:\Universita\TESI\esg_agent\RAG_full\marker_artifacts\novo_nordisk_a_s\2024\focused\novo_nordisk_a_s_2024_taxonomy_focused.md,1,96.0,102.0,5749,,6210,3.754883,ok,,1.0,6204.0,558.0,6762.0,6.0,
pass2,novo_nordisk_a_s,NOVO NORDISK A/S,2024,,1.0,C:\Universita\TESI\esg_agent\RAG_full\marker_artifacts\novo_nordisk_a_s\2024\focused\novo_nordisk_a_s_2024_taxonomy_focused.md,1,,,368,6.0,788,6.298268,ok,,1.0,794.0,163.0,957.0,,4.0
pass1,nemetschek_se,Nemetschek SE,2023,1.0,,C:\Universita\TESI\esg_agent\RAG_full\marker_artifacts\nemetschek_se\2023\focused\nemetschek_se_2023_taxonomy_focused.md,1,67.0,73.0,6202,,6662,1.912709,ok,,1.0,6623.0,29.0,6652.0,0.0,
pass1,omv_ag,OMV AG,2023,1.0,,C:\Universita\TESI\esg_agent\RAG_full\marker_artifacts\omv_ag\2023\focused\omv_ag_2023_taxonomy_focused.md,1,153.0,161.0,12624,,13081,4.074475,ok,,1.0,12915.0,39.0,12954.0,0.0,
pass1,omv_aktiengesellschaft,OMV AKTIENGESELLSCHAFT,2024,1.0,,C:\Universita\TESI\esg_agent\RAG_full\marker_artifacts\omv_aktiengesellschaft\2024\focused\omv_aktiengesellschaft_2024_taxonomy_focused.md,1,165.0,171.0,7256,,7720,78.4208,ok,,3.0,7594.0,1612.0,9206.0,22.0,
pass2,omv_aktiengesellschaft,OMV AKTIENGESELLSCHAFT,2024,,1.0,C:\Universita\TESI\esg_agent\RAG_full\marker_artifacts\omv_aktiengesellschaft\2024\focused\omv_aktiengesellschaft_2024_taxonomy_focused.md,1,,,963,22.0,1385,9.633707,ok,,1.0,1357.0,507.0,1864.0,,22.0
pass1,patrizia_se,PATRIZIA SE,2023,1.0,,C:\Universita\TESI\esg_agent\RAG_full\marker_artifacts\patrizia_se\2023\focused\patrizia_se_2023_taxonomy_focused.md,1,40.0,53.0,13300,,13759,16.675207,ok,,1.0,13638.0,1064.0,14702.0,14.0,
pass2,patrizia_se,PATRIZIA SE,2023,,1.0,C:\Universita\TESI\esg_agent\RAG_full\marker_artifacts\patrizia_se\2023\focused\patrizia_se_2023_taxonomy_focused.md,1,,,1101,14.0,1519,9.817841,ok,,1.0,1508.0,600.0,2108.0,,14.0
pass1,pne_ag,PNE AG,2023,1.0,,C:\Universita\TESI\esg_agent\RAG_full\marker_artifacts\pne_ag\2023\focused\pne_ag_2023_taxonomy_focused.md,1,44.0,50.0,7769,,8226,17.303338,ok,,1.0,8195.0,1198.0,9393.0,14.0,
pass2,pne_ag,PNE AG,2023,,1.0,C:\Universita\TESI\esg_agent\RAG_full\marker_artifacts\pne_ag\2023\focused\pne_ag_2023_taxonomy_focused.md,1,,,860,14.0,1276,10.384797,ok,,1.0,1259.0,425.0,1684.0,,6.0
pass1,polytec_holding_ag,POLYTEC Holding AG,2023,1.0,,C:\Universita\TESI\esg_agent\RAG_full\marker_artifacts\polytec_holding_ag\2023\focused\polytec_holding_ag_2023_taxonomy_focused.md,1,79.0,89.0,11213,,11672,26.711383,ok,,1.0,11624.0,1998.0,13622.0,24.0,
pass2,polytec_holding_ag,POLYTEC Holding AG,2023,,1.0,C:\Universita\TESI\esg_agent\RAG_full\marker_artifacts\polytec_holding_ag\2023\focused\polytec_holding_ag_2023_taxonomy_focused.md,1,,,1292,24.0,1710,8.996168,ok,,1.0,1699.0,581.0,2280.0,,15.0
pass1,porr_ag,PORR AG,2023,1.0,,C:\Universita\TESI\esg_agent\RAG_full\marker_artifacts\porr_ag\2023\focused\porr_ag_2023_taxonomy_focused.md,1,213.0,221.0,10840,,11297,34.543462,ok,,1.0,11237.0,2427.0,13664.0,43.0,
pass2,porr_ag,PORR AG,2023,,1.0,C:\Universita\TESI\esg_agent\RAG_full\marker_artifacts\porr_ag\2023\focused\porr_ag_2023_taxonomy_focused.md,1,,,2231,43.0,2647,10.414128,ok,,1.0,2621.0,614.0,3235.0,,23.0
pass1,psi_software_se,PSI Software SE,2023,1.0,,C:\Universita\TESI\esg_agent\RAG_full\marker_artifacts\psi_software_se\2023\focused\psi_software_se_2023_taxonomy_focused.md,1,69.0,77.0,4903,,5361,3.694843,ok,,1.0,5325.0,474.0,5799.0,8.0,
pass2,psi_software_se,PSI Software SE,2023,,1.0,C:\Universita\TESI\esg_agent\RAG_full\marker_artifacts\psi_software_se\2023\focused\psi_software_se_2023_taxonomy_focused.md,1,,,399,8.0,815,10.124867,ok,,1.0,814.0,615.0,1429.0,,6.0
pass1,pva_tepla_ag,PVA TePla AG,2023,1.0,,C:\Universita\TESI\esg_agent\RAG_full\marker_artifacts\pva_tepla_ag\2023\focused\pva_tepla_ag_2023_taxonomy_focused.md,1,51.0,59.0,7766,,8226,19.48168,ok,,1.0,8182.0,1305.0,9487.0,19.0,
pass2,pva_tepla_ag,PVA TePla AG,2023,,1.0,C:\Universita\TESI\esg_agent\RAG_full\marker_artifacts\pva_tepla_ag\2023\focused\pva_tepla_ag_2023_taxonomy_focused.md,1,,,850,19.0,1269,41.694344,ok,,1.0,1262.0,624.0,1886.0,,19.0
pass1,palfinger_ag,Palfinger AG,2023,1.0,,C:\Universita\TESI\esg_agent\RAG_full\marker_artifacts\palfinger_ag\2023\focused\palfinger_ag_2023_taxonomy_focused.md,1,64.0,70.0,9037,,9495,22.892199,ok,,1.0,9511.0,1397.0,10908.0,17.0,
pass2,palfinger_ag,Palfinger AG,2023,,1.0,C:\Universita\TESI\esg_agent\RAG_full\marker_artifacts\palfinger_ag\2023\focused\palfinger_ag_2023_taxonomy_focused.md,1,,,908,17.0,1324,8.329946,ok,,1.0,1319.0,488.0,1807.0,,9.0
pass1,porsche_ag_vz,Porsche AG Vz,2023,1.0,,C:\Universita\TESI\esg_agent\RAG_full\marker_artifacts\porsche_ag_vz\2023\focused\porsche_ag_vz_2023_taxonomy_focused.md,1,109.0,117.0,15744,,16203,12.544557,ok,,1.0,16204.0,722.0,16926.0,13.0,
pass2,porsche_ag_vz,Porsche AG Vz,2023,,1.0,C:\Universita\TESI\esg_agent\RAG_full\marker_artifacts\porsche_ag_vz\2023\focused\porsche_ag_vz_2023_taxonomy_focused.md,1,,,596,13.0,1014,7.53798,ok,,1.0,997.0,446.0,1443.0,,5.0
pass1,prosiebensat_1_media_se,ProSiebenSat.1 Media SE,2023,1.0,,C:\Universita\TESI\esg_agent\RAG_full\marker_artifacts\prosiebensat_1_media_se\2023\focused\prosiebensat_1_media_se_2023_taxonomy_focused.md,1,69.0,78.0,9054,,9516,17.147291,ok,,1.0,9509.0,1026.0,10535.0,13.0,
pass2,prosiebensat_1_media_se,ProSiebenSat.1 Media SE,2023,,1.0,C:\Universita\TESI\esg_agent\RAG_full\marker_artifacts\prosiebensat_1_media_se\2023\focused\prosiebensat_1_media_se_2023_taxonomy_focused.md,1,,,759,13.0,1180,9.978297,ok,,1.0,1178.0,600.0,1778.0,,13.0
pass1,prosegur_cash_s_a,"Prosegur Cash, S.A.",2023,1.0,,C:\Universita\TESI\esg_agent\RAG_full\marker_artifacts\prosegur_cash_s_a\2023\focused\prosegur_cash_s_a_2023_taxonomy_focused.md,2,244.0,336.0,23777,,24238,14.539234,ok,,1.0,24163.0,849.0,25012.0,12.0,
pass1,prosegur_cash_s_a,"Prosegur Cash, S.A.",2023,2.0,,C:\Universita\TESI\esg_agent\RAG_full\marker_artifacts\prosegur_cash_s_a\2023\focused\prosegur_cash_s_a_2023_taxonomy_focused.md,2,337.0,403.0,4100,,4561,3.683101,ok,,1.0,4558.0,101.0,4659.0,0.0,
pass2,prosegur_cash_s_a,"Prosegur Cash, S.A.",2023,,1.0,C:\Universita\TESI\esg_agent\RAG_full\marker_artifacts\prosegur_cash_s_a\2023\focused\prosegur_cash_s_a_2023_taxonomy_focused.md,2,,,676,12.0,1096,6.313527,ok,,1.0,1105.0,322.0,1427.0,,7.0
pass1,r_stahl_ag,R. Stahl AG,2023,1.0,,C:\Universita\TESI\esg_agent\RAG_full\marker_artifacts\r_stahl_ag\2023\focused\r_stahl_ag_2023_taxonomy_focused.md,2,63.0,79.0,20834,,21293,17.762353,ok,,1.0,21171.0,1088.0,22259.0,19.0,
pass1,r_stahl_ag,R. Stahl AG,2023,2.0,,C:\Universita\TESI\esg_agent\RAG_full\marker_artifacts\r_stahl_ag\2023\focused\r_stahl_ag_2023_taxonomy_focused.md,2,80.0,80.0,1214,,1673,3.124194,ok,,1.0,1673.0,46.0,1719.0,0.0,
pass2,r_stahl_ag,R. Stahl AG,2023,,1.0,C:\Universita\TESI\esg_agent\RAG_full\marker_artifacts\r_stahl_ag\2023\focused\r_stahl_ag_2023_taxonomy_focused.md,2,,,979,19.0,1397,12.078046,ok,,1.0,1374.0,629.0,2003.0,,15.0
pass1,renault,RENAULT,2024,1.0,,C:\Universita\TESI\esg_agent\RAG_full\marker_artifacts\renault\2024\focused\renault_2024_taxonomy_focused.md,1,177.0,185.0,8026,,8483,58.871294,ok,,1.0,8445.0,2014.0,10459.0,25.0,
pass2,renault,RENAULT,2024,,1.0,C:\Universita\TESI\esg_agent\RAG_full\marker_artifacts\renault\2024\focused\renault_2024_taxonomy_focused.md,1,,,1351,25.0,1766,7.03676,ok,,1.0,1752.0,431.0,2183.0,,8.0
pass1,repsol_sa,REPSOL SA.,2024,1.0,,C:\Universita\TESI\esg_agent\RAG_full\marker_artifacts\repsol_sa\2024\focused\repsol_sa_2024_taxonomy_focused.md,1,375.0,381.0,9947,,10405,23.472013,ok,,1.0,10325.0,1667.0,11992.0,22.0,
pass2,repsol_sa,REPSOL SA.,2024,,1.0,C:\Universita\TESI\esg_agent\RAG_full\marker_artifacts\repsol_sa\2024\focused\repsol_sa_2024_taxonomy_focused.md,1,,,1018,22.0,1435,13.241158,ok,,1.0,1405.0,853.0,2258.0,,22.0
pass1,rh_n_klinikum_ag,RHÖN-KLINIKUM AG,2023,1.0,,C:\Universita\TESI\esg_agent\RAG_full\marker_artifacts\rh_n_klinikum_ag\2023\focused\rh_n_klinikum_ag_2023_taxonomy_focused.md,1,21.0,35.0,9875,,10337,20.481252,ok,,1.0,10315.0,1457.0,11772.0,18.0,
pass2,rh_n_klinikum_ag,RHÖN-KLINIKUM AG,2023,,1.0,C:\Universita\TESI\esg_agent\RAG_full\marker_artifacts\rh_n_klinikum_ag\2023\focused\rh_n_klinikum_ag_2023_taxonomy_focused.md,1,,,896,18.0,1317,9.912342,ok,,1.0,1316.0,592.0,1908.0,,11.0
pass1,ringmetall_se_na_o_n,RINGMETALL SE  NA O.N.,2023,1.0,,C:\Universita\TESI\esg_agent\RAG_full\marker_artifacts\ringmetall_se_na_o_n\2023\focused\ringmetall_se_na_o_n_2023_taxonomy_focused.md,1,35.0,76.0,7415,,7877,11.466205,ok,,1.0,7853.0,650.0,8503.0,9.0,
pass2,ringmetall_se_na_o_n,RINGMETALL SE  NA O.N.,2023,,1.0,C:\Universita\TESI\esg_agent\RAG_full\marker_artifacts\ringmetall_se_na_o_n\2023\focused\ringmetall_se_na_o_n_2023_taxonomy_focused.md,1,,,404,9.0,825,40.423653,ok,,1.0,820.0,451.0,1271.0,,5.0
pass1,rwe_ag_st,RWE AG St,2023,1.0,,C:\Universita\TESI\esg_agent\RAG_full\marker_artifacts\rwe_ag_st\2023\focused\rwe_ag_st_2023_taxonomy_focused.md,1,94.0,104.0,8875,,9333,28.508148,ok,,1.0,9307.0,1801.0,11108.0,33.0,
pass2,rwe_ag_st,RWE AG St,2023,,1.0,C:\Universita\TESI\esg_agent\RAG_full\marker_artifacts\rwe_ag_st\2023\focused\rwe_ag_st_2023_taxonomy_focused.md,1,,,1643,33.0,2060,9.567229,ok,,1.0,2019.0,534.0,2553.0,,12.0
pass1,renta_4_banco_s_a,"Renta 4 Banco, S.A.",2023,1.0,,C:\Universita\TESI\esg_agent\RAG_full\marker_artifacts\renta_4_banco_s_a\2023\focused\renta_4_banco_s_a_2023_taxonomy_focused.md,3,178.0,184.0,23533,,23995,111.016247,error,LLM call failed after 3 retries: Empty LLM output,,,,,,
pass1,renta_4_banco_s_a,"Renta 4 Banco, S.A.",2023,2.0,,C:\Universita\TESI\esg_agent\RAG_full\marker_artifacts\renta_4_banco_s_a\2023\focused\renta_4_banco_s_a_2023_taxonomy_focused.md,3,185.0,189.0,23599,,24061,38.065768,ok,,2.0,24029.0,44.0,24073.0,0.0,
pass1,renta_4_banco_s_a,"Renta 4 Banco, S.A.",2023,3.0,,C:\Universita\TESI\esg_agent\RAG_full\marker_artifacts\renta_4_banco_s_a\2023\focused\renta_4_banco_s_a_2023_taxonomy_focused.md,3,190.0,195.0,7960,,8422,25.824317,ok,,1.0,8362.0,1581.0,9943.0,37.0,
pass2,renta_4_banco_s_a,"Renta 4 Banco, S.A.",2023,,1.0,C:\Universita\TESI\esg_agent\RAG_full\marker_artifacts\renta_4_banco_s_a\2023\focused\renta_4_banco_s_a_2023_taxonomy_focused.md,3,,,1273,37.0,1694,12.568833,ok,,1.0,1620.0,634.0,2254.0,,37.0
pass1,rheinmetall_ag,Rheinmetall AG,2023,1.0,,C:\Universita\TESI\esg_agent\RAG_full\marker_artifacts\rheinmetall_ag\2023\focused\rheinmetall_ag_2023_taxonomy_focused.md,1,146.0,153.0,15921,,16381,3.476506,ok,,1.0,16273.0,41.0,16314.0,0.0,
pass1,s_immo_ag,S IMMO AG,2023,1.0,,C:\Universita\TESI\esg_agent\RAG_full\marker_artifacts\s_immo_ag\2023\focused\s_immo_ag_2023_taxonomy_focused.md,1,8.0,27.0,15564,,16022,16.825216,ok,,1.0,16017.0,1108.0,17125.0,11.0,
pass2,s_immo_ag,S IMMO AG,2023,,1.0,C:\Universita\TESI\esg_agent\RAG_full\marker_artifacts\s_immo_ag\2023\focused\s_immo_ag_2023_taxonomy_focused.md,1,,,674,11.0,1090,6.226093,ok,,1.0,1084.0,347.0,1431.0,,4.0
pass1,safran,SAFRAN,2024,1.0,,C:\Universita\TESI\esg_agent\RAG_full\marker_artifacts\safran\2024\focused\safran_2024_taxonomy_focused.md,1,384.0,391.0,6388,,6845,18.81194,ok,,1.0,6811.0,969.0,7780.0,16.0,
pass2,safran,SAFRAN,2024,,1.0,C:\Universita\TESI\esg_agent\RAG_full\marker_artifacts\safran\2024\focused\safran_2024_taxonomy_focused.md,1,,,823,16.0,1238,12.348646,ok,,1.0,1224.0,814.0,2038.0,,12.0
pass1,sap_se,SAP SE,2023,1.0,,C:\Universita\TESI\esg_agent\RAG_full\marker_artifacts\sap_se\2023\focused\sap_se_2023_taxonomy_focused.md,1,92.0,100.0,7650,,8107,4.226559,ok,,1.0,8120.0,567.0,8687.0,5.0,
pass2,sap_se,SAP SE,2023,,1.0,C:\Universita\TESI\esg_agent\RAG_full\marker_artifacts\sap_se\2023\focused\sap_se_2023_taxonomy_focused.md,1,,,248,5.0,663,9.701166,ok,,1.0,667.0,518.0,1185.0,,3.0
pass1,schneider_electric_se,SCHNEIDER ELECTRIC SE,2024,1.0,,C:\Universita\TESI\esg_agent\RAG_full\marker_artifacts\schneider_electric_se\2024\focused\schneider_electric_se_2024_taxonomy_focused.md,1,193.0,205.0,9884,,10343,16.794941,ok,,1.0,10239.0,1123.0,11362.0,21.0,
pass2,schneider_electric_se,SCHNEIDER ELECTRIC SE,2024,,1.0,C:\Universita\TESI\esg_agent\RAG_full\marker_artifacts\schneider_electric_se\2024\focused\schneider_electric_se_2024_taxonomy_focused.md,1,,,1019,21.0,1439,9.236455,ok,,1.0,1427.0,594.0,2021.0,,17.0
pass1,schoeller_bleckmann_ag,SCHOELLER-BLECKMANN AG,2023,1.0,,C:\Universita\TESI\esg_agent\RAG_full\marker_artifacts\schoeller_bleckmann_ag\2023\focused\schoeller_bleckmann_ag_2023_taxonomy_focused.md,1,47.0,52.0,5862,,6326,13.803229,ok,,1.0,6306.0,888.0,7194.0,15.0,
pass2,schoeller_bleckmann_ag,SCHOELLER-BLECKMANN AG,2023,,1.0,C:\Universita\TESI\esg_agent\RAG_full\marker_artifacts\schoeller_bleckmann_ag\2023\focused\schoeller_bleckmann_ag_2023_taxonomy_focused.md,1,,,755,15.0,1177,8.172921,ok,,1.0,1188.0,438.0,1626.0,,7.0
pass1,sgl_carbon_se,SGL Carbon SE,2023,1.0,,C:\Universita\TESI\esg_agent\RAG_full\marker_artifacts\sgl_carbon_se\2023\focused\sgl_carbon_se_2023_taxonomy_focused.md,1,32.0,38.0,7855,,8313,13.809362,ok,,1.0,8320.0,856.0,9176.0,12.0,
pass2,sgl_carbon_se,SGL Carbon SE,2023,,1.0,C:\Universita\TESI\esg_agent\RAG_full\marker_artifacts\sgl_carbon_se\2023\focused\sgl_carbon_se_2023_taxonomy_focused.md,1,,,550,12.0,966,5.928709,ok,,1.0,975.0,318.0,1293.0,,5.0
pass1,shell_plc,SHELL PLC,2024,1.0,,C:\Universita\TESI\esg_agent\RAG_full\marker_artifacts\shell_plc\2024\focused\shell_plc_2024_taxonomy_focused.md,1,385.0,391.0,7130,,7587,25.323669,ok,,1.0,7193.0,1787.0,8980.0,26.0,
pass2,shell_plc,SHELL PLC,2024,,1.0,C:\Universita\TESI\esg_agent\RAG_full\marker_artifacts\shell_plc\2024\focused\shell_plc_2024_taxonomy_focused.md,1,,,1184,26.0,1600,17.302888,ok,,1.0,1566.0,1119.0,2685.0,,26.0
pass1,sma_solar_technology_ag,SMA Solar Technology AG,2023,1.0,,C:\Universita\TESI\esg_agent\RAG_full\marker_artifacts\sma_solar_technology_ag\2023\focused\sma_solar_technology_ag_2023_taxonomy_focused.md,1,35.0,77.0,18745,,19203,4.244426,ok,,1.0,19175.0,41.0,19216.0,0.0,
pass1,strabag_se,STRABAG SE,2023,1.0,,C:\Universita\TESI\esg_agent\RAG_full\marker_artifacts\strabag_se\2023\focused\strabag_se_2023_taxonomy_focused.md,1,71.0,79.0,11995,,12453,3.365134,ok,,1.0,12444.0,40.0,12484.0,0.0,
pass1,stratec_se,STRATEC SE,2023,1.0,,C:\Universita\TESI\esg_agent\RAG_full\marker_artifacts\stratec_se\2023\focused\stratec_se_2023_taxonomy_focused.md,1,73.0,81.0,6549,,7007,20.178538,ok,,1.0,7046.0,1289.0,8335.0,16.0,
pass2,stratec_se,STRATEC SE,2023,,1.0,C:\Universita\TESI\esg_agent\RAG_full\marker_artifacts\stratec_se\2023\focused\stratec_se_2023_taxonomy_focused.md,1,,,1210,16.0,1627,11.348881,ok,,1.0,1618.0,661.0,2279.0,,9.0
pass1,suss_microtec_se,SUSS MicroTec SE,2023,1.0,,C:\Universita\TESI\esg_agent\RAG_full\marker_artifacts\suss_microtec_se\2023\focused\suss_microtec_se_2023_taxonomy_focused.md,1,79.0,88.0,6928,,7388,13.497293,ok,,1.0,7377.0,783.0,8160.0,12.0,
pass2,suss_microtec_se,SUSS MicroTec SE,2023,,1.0,C:\Universita\TESI\esg_agent\RAG_full\marker_artifacts\suss_microtec_se\2023\focused\suss_microtec_se_2023_taxonomy_focused.md,1,,,697,12.0,1115,7.86398,ok,,1.0,1111.0,413.0,1524.0,,11.0
pass1,salzgitter_ag,Salzgitter AG,2023,1.0,,C:\Universita\TESI\esg_agent\RAG_full\marker_artifacts\salzgitter_ag\2023\focused\salzgitter_ag_2023_taxonomy_focused.md,1,120.0,128.0,9131,,9590,5.115636,ok,,1.0,9586.0,871.0,10457.0,16.0,
pass2,salzgitter_ag,Salzgitter AG,2023,,1.0,C:\Universita\TESI\esg_agent\RAG_full\marker_artifacts\salzgitter_ag\2023\focused\salzgitter_ag_2023_taxonomy_focused.md,1,,,779,16.0,1196,7.63446,ok,,1.0,1186.0,289.0,1475.0,,4.0
pass1,sartorius_ag_st,Sartorius AG St,2023,1.0,,C:\Universita\TESI\esg_agent\RAG_full\marker_artifacts\sartorius_ag_st\2023\focused\sartorius_ag_st_2023_taxonomy_focused.md,1,131.0,139.0,6589,,7048,4.914782,ok,,1.0,7042.0,1050.0,8092.0,8.0,
pass2,sartorius_ag_st,Sartorius AG St,2023,,1.0,C:\Universita\TESI\esg_agent\RAG_full\marker_artifacts\sartorius_ag_st\2023\focused\sartorius_ag_st_2023_taxonomy_focused.md,1,,,354,8.0,773,8.96913,ok,,1.0,775.0,387.0,1162.0,,8.0
pass1,sartorius_ag_vz,Sartorius AG Vz,2023,1.0,,C:\Universita\TESI\esg_agent\RAG_full\marker_artifacts\sartorius_ag_vz\2023\focused\sartorius_ag_vz_2023_taxonomy_focused.md,1,131.0,139.0,6589,,7049,15.53145,ok,,1.0,7043.0,1063.0,8106.0,8.0,
pass2,sartorius_ag_vz,Sartorius AG Vz,2023,,1.0,C:\Universita\TESI\esg_agent\RAG_full\marker_artifacts\sartorius_ag_vz\2023\focused\sartorius_ag_vz_2023_taxonomy_focused.md,1,,,360,8.0,780,6.862344,ok,,1.0,782.0,357.0,1139.0,,8.0
pass1,savencia,Savencia,2023,1.0,,C:\Universita\TESI\esg_agent\RAG_full\marker_artifacts\savencia\2023\focused\savencia_2023_taxonomy_focused.md,1,34.0,41.0,12915,,13372,5.059353,ok,,1.0,13191.0,1036.0,14227.0,16.0,
pass2,savencia,Savencia,2023,,1.0,C:\Universita\TESI\esg_agent\RAG_full\marker_artifacts\savencia\2023\focused\savencia_2023_taxonomy_focused.md,1,,,624,16.0,1040,8.581862,ok,,1.0,1046.0,545.0,1591.0,,16.0
pass1,scout24_se,Scout24 SE,2023,1.0,,C:\Universita\TESI\esg_agent\RAG_full\marker_artifacts\scout24_se\2023\focused\scout24_se_2023_taxonomy_focused.md,1,102.0,111.0,9519,,9977,15.713283,ok,,1.0,9950.0,1006.0,10956.0,11.0,
pass2,scout24_se,Scout24 SE,2023,,1.0,C:\Universita\TESI\esg_agent\RAG_full\marker_artifacts\scout24_se\2023\focused\scout24_se_2023_taxonomy_focused.md,1,,,673,11.0,1090,18.005137,ok,,1.0,1089.0,843.0,1932.0,,11.0
pass1,siltronic_ag,Siltronic AG,2023,1.0,,C:\Universita\TESI\esg_agent\RAG_full\marker_artifacts\siltronic_ag\2023\focused\siltronic_ag_2023_taxonomy_focused.md,1,95.0,100.0,7223,,7681,10.876324,ok,,1.0,7644.0,645.0,8289.0,5.0,
pass2,siltronic_ag,Siltronic AG,2023,,1.0,C:\Universita\TESI\esg_agent\RAG_full\marker_artifacts\siltronic_ag\2023\focused\siltronic_ag_2023_taxonomy_focused.md,1,,,488,5.0,905,8.484425,ok,,1.0,914.0,484.0,1398.0,,4.0
pass1,syzygy_ag,Syzygy AG,2023,1.0,,C:\Universita\TESI\esg_agent\RAG_full\marker_artifacts\syzygy_ag\2023\focused\syzygy_ag_2023_taxonomy_focused.md,1,85.0,91.0,5772,,6230,3.281842,ok,,1.0,6230.0,300.0,6530.0,4.0,
pass2,syzygy_ag,Syzygy AG,2023,,1.0,C:\Universita\TESI\esg_agent\RAG_full\marker_artifacts\syzygy_ag\2023\focused\syzygy_ag_2023_taxonomy_focused.md,1,,,179,4.0,595,5.261489,ok,,1.0,604.0,234.0,838.0,,2.0
pass1,takkt_ag,TAKKT AG,2023,1.0,,C:\Universita\TESI\esg_agent\RAG_full\marker_artifacts\takkt_ag\2023\focused\takkt_ag_2023_taxonomy_focused.md,1,213.0,217.0,11007,,11465,24.815956,ok,,1.0,11398.0,1800.0,13198.0,19.0,
pass2,takkt_ag,TAKKT AG,2023,,1.0,C:\Universita\TESI\esg_agent\RAG_full\marker_artifacts\takkt_ag\2023\focused\takkt_ag_2023_taxonomy_focused.md,1,,,1324,19.0,1740,6.866074,ok,,1.0,1743.0,308.0,2051.0,,8.0
pass1,telefonica_sa,TELEFONICA SA,2024,1.0,,C:\Universita\TESI\esg_agent\RAG_full\marker_artifacts\telefonica_sa\2024\focused\telefonica_sa_2024_taxonomy_focused.md,1,303.0,311.0,6759,,7219,23.137673,ok,,1.0,7209.0,1535.0,8744.0,24.0,
pass2,telefonica_sa,TELEFONICA SA,2024,,1.0,C:\Universita\TESI\esg_agent\RAG_full\marker_artifacts\telefonica_sa\2024\focused\telefonica_sa_2024_taxonomy_focused.md,1,,,1250,24.0,1668,17.279615,ok,,1.0,1661.0,1219.0,2880.0,,19.0
pass1,talanx_aktiengesellschaft,Talanx Aktiengesellschaft,2023,1.0,,C:\Universita\TESI\esg_agent\RAG_full\marker_artifacts\talanx_aktiengesellschaft\2023\focused\talanx_aktiengesellschaft_2023_taxonomy_focused.md,1,91.0,105.0,16479,,16941,12.184969,ok,,1.0,16807.0,679.0,17486.0,8.0,
pass2,talanx_aktiengesellschaft,Talanx Aktiengesellschaft,2023,,1.0,C:\Universita\TESI\esg_agent\RAG_full\marker_artifacts\talanx_aktiengesellschaft\2023\focused\talanx_aktiengesellschaft_2023_taxonomy_focused.md,1,,,443,8.0,864,9.963301,ok,,1.0,869.0,525.0,1394.0,,6.0
pass1,teamviewer_se,TeamViewer SE,2023,1.0,,C:\Universita\TESI\esg_agent\RAG_full\marker_artifacts\teamviewer_se\2023\focused\teamviewer_se_2023_taxonomy_focused.md,1,175.0,179.0,5315,,5772,11.032275,ok,,1.0,5747.0,742.0,6489.0,10.0,
pass2,teamviewer_se,TeamViewer SE,2023,,1.0,C:\Universita\TESI\esg_agent\RAG_full\marker_artifacts\teamviewer_se\2023\focused\teamviewer_se_2023_taxonomy_focused.md,1,,,536,10.0,951,9.613001,ok,,1.0,952.0,519.0,1471.0,,8.0
pass1,tubos_reunidos,Tubos Reunidos,2023,1.0,,C:\Universita\TESI\esg_agent\RAG_full\marker_artifacts\tubos_reunidos\2023\focused\tubos_reunidos_2023_taxonomy_focused.md,1,7.0,11.0,2458,,2918,3.19125,ok,,1.0,2888.0,35.0,2923.0,0.0,
pass1,uniqa_insurance_group_ag,UNIQA Insurance Group AG,2023,1.0,,C:\Universita\TESI\esg_agent\RAG_full\marker_artifacts\uniqa_insurance_group_ag\2023\focused\uniqa_insurance_group_ag_2023_taxonomy_focused.md,1,50.0,64.0,14670,,15130,23.555289,ok,,1.0,15000.0,1393.0,16393.0,18.0,
pass2,uniqa_insurance_group_ag,UNIQA Insurance Group AG,2023,,1.0,C:\Universita\TESI\esg_agent\RAG_full\marker_artifacts\uniqa_insurance_group_ag\2023\focused\uniqa_insurance_group_ag_2023_taxonomy_focused.md,1,,,921,18.0,1340,12.26347,ok,,1.0,1345.0,533.0,1878.0,,18.0
pass1,verbund_ag,VERBUND AG,2023,1.0,,C:\Universita\TESI\esg_agent\RAG_full\marker_artifacts\verbund_ag\2023\focused\verbund_ag_2023_taxonomy_focused.md,1,163.0,169.0,7141,,7599,104.025847,ok,,3.0,7596.0,2168.0,9764.0,22.0,
pass2,verbund_ag,VERBUND AG,2023,,1.0,C:\Universita\TESI\esg_agent\RAG_full\marker_artifacts\verbund_ag\2023\focused\verbund_ag_2023_taxonomy_focused.md,1,,,1663,22.0,2080,3.136075,ok,,1.0,2047.0,396.0,2443.0,,12.0
pass1,verbund_ag,VERBUND AG,2024,1.0,,C:\Universita\TESI\esg_agent\RAG_full\marker_artifacts\verbund_ag\2024\focused\verbund_ag_2024_taxonomy_focused.md,1,211.0,219.0,5104,,5562,25.250404,ok,,1.0,5560.0,1771.0,7331.0,11.0,
pass2,verbund_ag,VERBUND AG,2024,,1.0,C:\Universita\TESI\esg_agent\RAG_full\marker_artifacts\verbund_ag\2024\focused\verbund_ag_2024_taxonomy_focused.md,1,,,594,11.0,1011,8.882792,ok,,1.0,999.0,269.0,1268.0,,10.0
pass1,vienna_insurance_group_ag,VIENNA INSURANCE GROUP AG,2023,1.0,,C:\Universita\TESI\esg_agent\RAG_full\marker_artifacts\vienna_insurance_group_ag\2023\focused\vienna_insurance_group_ag_2023_taxonomy_focused.md,1,28.0,36.0,7401,,7863,28.572457,ok,,1.0,7826.0,2112.0,9938.0,17.0,
pass2,vienna_insurance_group_ag,VIENNA INSURANCE GROUP AG,2023,,1.0,C:\Universita\TESI\esg_agent\RAG_full\marker_artifacts\vienna_insurance_group_ag\2023\focused\vienna_insurance_group_ag_2023_taxonomy_focused.md,1,,,1286,17.0,1707,5.834833,ok,,1.0,1698.0,294.0,1992.0,,4.0
pass1,vodafone_group_plc,VODAFONE GROUP PLC,2024,1.0,,C:\Universita\TESI\esg_agent\RAG_full\marker_artifacts\vodafone_group_plc\2024\focused\vodafone_group_plc_2024_taxonomy_focused.md,1,213.0,219.0,6598,,7058,3.612604,ok,,1.0,6992.0,462.0,7454.0,7.0,
pass2,vodafone_group_plc,VODAFONE GROUP PLC,2024,,1.0,C:\Universita\TESI\esg_agent\RAG_full\marker_artifacts\vodafone_group_plc\2024\focused\vodafone_group_plc_2024_taxonomy_focused.md,1,,,397,7.0,815,5.942585,ok,,1.0,817.0,278.0,1095.0,,7.0
pass1,virbac,Virbac,2023,1.0,,C:\Universita\TESI\esg_agent\RAG_full\marker_artifacts\virbac\2023\focused\virbac_2023_taxonomy_focused.md,1,60.0,69.0,10647,,11103,26.339861,ok,,1.0,11075.0,1902.0,12977.0,23.0,
pass2,virbac,Virbac,2023,,1.0,C:\Universita\TESI\esg_agent\RAG_full\marker_artifacts\virbac\2023\focused\virbac_2023_taxonomy_focused.md,1,,,1324,23.0,1738,11.004882,ok,,1.0,1738.0,740.0,2478.0,,23.0
pass1,viscom_se,Viscom SE,2023,1.0,,C:\Universita\TESI\esg_agent\RAG_full\marker_artifacts\viscom_se\2023\focused\viscom_se_2023_taxonomy_focused.md,1,62.0,71.0,8631,,9088,16.200968,ok,,1.0,9056.0,826.0,9882.0,10.0,
pass2,viscom_se,Viscom SE,2023,,1.0,C:\Universita\TESI\esg_agent\RAG_full\marker_artifacts\viscom_se\2023\focused\viscom_se_2023_taxonomy_focused.md,1,,,630,10.0,1046,12.588398,ok,,1.0,1037.0,510.0,1547.0,,5.0
pass1,volkswagen_ag_st,Volkswagen AG St,2023,1.0,,C:\Universita\TESI\esg_agent\RAG_full\marker_artifacts\volkswagen_ag_st\2023\focused\volkswagen_ag_st_2023_taxonomy_focused.md,1,205.0,217.0,11936,,12395,18.237451,ok,,1.0,12344.0,1229.0,13573.0,14.0,
pass2,volkswagen_ag_st,Volkswagen AG St,2023,,1.0,C:\Universita\TESI\esg_agent\RAG_full\marker_artifacts\volkswagen_ag_st\2023\focused\volkswagen_ag_st_2023_taxonomy_focused.md,1,,,614,14.0,1032,8.787974,ok,,1.0,1016.0,468.0,1484.0,,9.0
pass1,volkswagen_ag_vz,Volkswagen AG Vz,2023,1.0,,C:\Universita\TESI\esg_agent\RAG_full\marker_artifacts\volkswagen_ag_vz\2023\focused\volkswagen_ag_vz_2023_taxonomy_focused.md,1,205.0,217.0,11887,,12347,22.777244,ok,,1.0,12291.0,1322.0,13613.0,15.0,
pass2,volkswagen_ag_vz,Volkswagen AG Vz,2023,,1.0,C:\Universita\TESI\esg_agent\RAG_full\marker_artifacts\volkswagen_ag_vz\2023\focused\volkswagen_ag_vz_2023_taxonomy_focused.md,1,,,662,15.0,1081,10.026759,ok,,1.0,1064.0,624.0,1688.0,,10.0
pass1,vonovia_se,Vonovia SE,2023,1.0,,C:\Universita\TESI\esg_agent\RAG_full\marker_artifacts\vonovia_se\2023\focused\vonovia_se_2023_taxonomy_focused.md,1,59.0,67.0,8399,,8858,29.620088,ok,,1.0,8864.0,2016.0,10880.0,21.0,
pass2,vonovia_se,Vonovia SE,2023,,1.0,C:\Universita\TESI\esg_agent\RAG_full\marker_artifacts\vonovia_se\2023\focused\vonovia_se_2023_taxonomy_focused.md,1,,,1708,21.0,2126,15.135617,ok,,1.0,2094.0,903.0,2997.0,,20.0
pass1,vossloh_ag,Vossloh AG,2023,1.0,,C:\Universita\TESI\esg_agent\RAG_full\marker_artifacts\vossloh_ag\2023\focused\vossloh_ag_2023_taxonomy_focused.md,1,107.0,114.0,4973,,5431,46.232368,ok,,2.0,5439.0,1276.0,6715.0,22.0,
pass2,vossloh_ag,Vossloh AG,2023,,1.0,C:\Universita\TESI\esg_agent\RAG_full\marker_artifacts\vossloh_ag\2023\focused\vossloh_ag_2023_taxonomy_focused.md,1,,,1155,22.0,1571,7.121384,ok,,1.0,1588.0,372.0,1960.0,,6.0
pass1,warimpex_finanz_und_bet_ag,Warimpex Finanz- und Bet. AG,2023,1.0,,C:\Universita\TESI\esg_agent\RAG_full\marker_artifacts\warimpex_finanz_und_bet_ag\2023\focused\warimpex_finanz_und_bet_ag_2023_taxonomy_focused.md,1,47.0,51.0,5354,,5818,8.852606,ok,,1.0,5831.0,508.0,6339.0,8.0,
pass2,warimpex_finanz_und_bet_ag,Warimpex Finanz- und Bet. AG,2023,,1.0,C:\Universita\TESI\esg_agent\RAG_full\marker_artifacts\warimpex_finanz_und_bet_ag\2023\focused\warimpex_finanz_und_bet_ag_2023_taxonomy_focused.md,1,,,437,8.0,860,4.750185,ok,,1.0,868.0,197.0,1065.0,,3.0
pass1,washtec_ag,WashTec AG,2023,1.0,,C:\Universita\TESI\esg_agent\RAG_full\marker_artifacts\washtec_ag\2023\focused\washtec_ag_2023_taxonomy_focused.md,1,42.0,51.0,8256,,8715,13.022187,ok,,1.0,8688.0,805.0,9493.0,7.0,
pass2,washtec_ag,WashTec AG,2023,,1.0,C:\Universita\TESI\esg_agent\RAG_full\marker_artifacts\washtec_ag\2023\focused\washtec_ag_2023_taxonomy_focused.md,1,,,610,7.0,1028,5.471065,ok,,1.0,1027.0,281.0,1308.0,,7.0
pass1,westwing_group_se,Westwing Group SE,2023,1.0,,C:\Universita\TESI\esg_agent\RAG_full\marker_artifacts\westwing_group_se\2023\focused\westwing_group_se_2023_taxonomy_focused.md,1,77.0,85.0,6238,,6694,10.997793,ok,,1.0,6664.0,367.0,7031.0,2.0,
pass2,westwing_group_se,Westwing Group SE,2023,,1.0,C:\Universita\TESI\esg_agent\RAG_full\marker_artifacts\westwing_group_se\2023\focused\westwing_group_se_2023_taxonomy_focused.md,1,,,139,2.0,556,8.120833,ok,,1.0,565.0,293.0,858.0,,2.0
pass1,wienerberger_ag,Wienerberger AG,2023,1.0,,C:\Universita\TESI\esg_agent\RAG_full\marker_artifacts\wienerberger_ag\2023\focused\wienerberger_ag_2023_taxonomy_focused.md,1,145.0,169.0,14540,,14998,21.877747,ok,,1.0,15015.0,1484.0,16499.0,11.0,
pass2,wienerberger_ag,Wienerberger AG,2023,,1.0,C:\Universita\TESI\esg_agent\RAG_full\marker_artifacts\wienerberger_ag\2023\focused\wienerberger_ag_2023_taxonomy_focused.md,1,,,680,11.0,1096,4.936811,ok,,1.0,1095.0,163.0,1258.0,,5.0
pass1,w_stenrot_w_rttembergische_ag,Wüstenrot & Württembergische AG,2023,1.0,,C:\Universita\TESI\esg_agent\RAG_full\marker_artifacts\w_stenrot_w_rttembergische_ag\2023\focused\w_stenrot_w_rttembergische_ag_2023_taxonomy_focused.md,1,413.0,436.0,16621,,17087,2.182176,ok,,1.0,16902.0,45.0,16947.0,0.0,
pass1,zalando_se,Zalando SE,2023,1.0,,C:\Universita\TESI\esg_agent\RAG_full\marker_artifacts\zalando_se\2023\focused\zalando_se_2023_taxonomy_focused.md,1,97.0,101.0,3062,,3520,3.441004,ok,,1.0,3540.0,137.0,3677.0,2.0,
pass2,zalando_se,Zalando SE,2023,,1.0,C:\Universita\TESI\esg_agent\RAG_full\marker_artifacts\zalando_se\2023\focused\zalando_se_2023_taxonomy_focused.md,1,,,95,2.0,512,3.355422,ok,,1.0,519.0,76.0,595.0,,1.0
pass1,zumtobel_group_ag,Zumtobel Group AG,2023,1.0,,C:\Universita\TESI\esg_agent\RAG_full\marker_artifacts\zumtobel_group_ag\2023\focused\zumtobel_group_ag_2023_taxonomy_focused.md,1,53.0,61.0,6839,,7299,28.489939,ok,,1.0,7275.0,2032.0,9307.0,23.0,
pass2,zumtobel_group_ag,Zumtobel Group AG,2023,,1.0,C:\Universita\TESI\esg_agent\RAG_full\marker_artifacts\zumtobel_group_ag\2023\focused\zumtobel_group_ag_2023_taxonomy_focused.md,1,,,1933,23.0,2352,9.456423,ok,,1.0,2336.0,520.0,2856.0,,10.0
pass1,adidas_ag,adidas AG,2023,1.0,,C:\Universita\TESI\esg_agent\RAG_full\marker_artifacts\adidas_ag\2023\focused\adidas_ag_2023_taxonomy_focused.md,1,306.0,313.0,8960,,9417,10.903734,ok,,1.0,9435.0,690.0,10125.0,6.0,
pass2,adidas_ag,adidas AG,2023,,1.0,C:\Universita\TESI\esg_agent\RAG_full\marker_artifacts\adidas_ag\2023\focused\adidas_ag_2023_taxonomy_focused.md,1,,,516,6.0,931,4.700435,ok,,1.0,934.0,173.0,1107.0,,3.0
pass1,freenet_ag,freenet AG,2023,1.0,,C:\Universita\TESI\esg_agent\RAG_full\marker_artifacts\freenet_ag\2023\focused\freenet_ag_2023_taxonomy_focused.md,1,79.0,87.0,11503,,11960,16.234438,ok,,1.0,11958.0,1047.0,13005.0,15.0,
pass2,freenet_ag,freenet AG,2023,,1.0,C:\Universita\TESI\esg_agent\RAG_full\marker_artifacts\freenet_ag\2023\focused\freenet_ag_2023_taxonomy_focused.md,1,,,946,15.0,1363,10.223596,ok,,1.0,1360.0,613.0,1973.0,,9.0
pass1,grenke_ag,grenke AG,2023,1.0,,C:\Universita\TESI\esg_agent\RAG_full\marker_artifacts\grenke_ag\2023\focused\grenke_ag_2023_taxonomy_focused.md,1,141.0,153.0,12372,,12829,12.071865,ok,,1.0,12772.0,758.0,13530.0,12.0,
pass2,grenke_ag,grenke AG,2023,,1.0,C:\Universita\TESI\esg_agent\RAG_full\marker_artifacts\grenke_ag\2023\focused\grenke_ag_2023_taxonomy_focused.md,1,,,678,12.0,1093,7.778345,ok,,1.0,1094.0,466.0,1560.0,,9.0
pass1,secunet_security_networks_ag,secunet Security Networks AG,2023,1.0,,C:\Universita\TESI\esg_agent\RAG_full\marker_artifacts\secunet_security_networks_ag\2023\focused\secunet_security_networks_ag_2023_taxonomy_focused.md,1,103.0,116.0,8381,,8841,8.427988,ok,,1.0,8784.0,1621.0,10405.0,16.0,
pass2,secunet_security_networks_ag,secunet Security Networks AG,2023,,1.0,C:\Universita\TESI\esg_agent\RAG_full\marker_artifacts\secunet_security_networks_ag\2023\focused\secunet_security_networks_ag_2023_taxonomy_focused.md,1,,,851,16.0,1269,6.291493,ok,,1.0,1278.0,352.0,1630.0,,6.0
pass1,technotrans_se,technotrans SE,2023,1.0,,C:\Universita\TESI\esg_agent\RAG_full\marker_artifacts\technotrans_se\2023\focused\technotrans_se_2023_taxonomy_focused.md,1,68.0,78.0,9476,,9934,17.250508,ok,,1.0,9883.0,1197.0,11080.0,15.0,
pass2,technotrans_se,technotrans SE,2023,,1.0,C:\Universita\TESI\esg_agent\RAG_full\marker_artifacts\technotrans_se\2023\focused\technotrans_se_2023_taxonomy_focused.md,1,,,916,15.0,1333,7.564017,ok,,1.0,1325.0,1076.0,2401.0,,15.0
