slug,company,company_name_full,report_year,source_md,status,error_stage,error_message,rebuild_index,top_k_requested,w_bm25,w_emb,n_queries,n_index_chunks,n_retrieved_chunks,index_elapsed_s,retrieval_elapsed_s,extraction_elapsed_sum_s,doc_total_elapsed_s,n_llm_calls_ok_x,n_llm_calls_error,coverage_ratio,topk_capped,retrieved_all_chunks,llm_total_elapsed_sum_s,total_prompt_tokens_api_sum,total_completion_tokens_api_sum,total_tokens_api_sum,mean_chunk_tokens_est,n_llm_calls_ok_y,n_rows_normalized_doc,mean_rows_per_retrieved_chunk,max_rows_single_chunk,mean_hybrid_score,mean_bm25_score_raw,mean_emb_score_raw,n_nonzero_chunks,share_nonzero_retrieved_chunks
commerzbank_ag,Commerzbank AG,Commerzbank AG,2023,C:\Universita\TESI\esg_agent\RAG_full\marker_artifacts\commerzbank_ag\2023\focused\commerzbank_ag_2023_taxonomy_focused.md,ok,,,False,12,0.5,0.5,17,58,12,0.270134,0.605094,108.45912,112.394122,12,0,0.20689655172413793,True,False,108.459121,21225,4900,26125,1348.6666666666667,12,139,11.583333333333334,35,0.7896239111820856,14.254141370455423,0.5340325782696406,6,0.5
hochtief_ag,HOCHTIEF AG,HOCHTIEF AG,2023,C:\Universita\TESI\esg_agent\RAG_full\marker_artifacts\hochtief_ag\2023\focused\hochtief_ag_2023_taxonomy_focused.md,ok,,,False,12,0.5,0.5,17,12,12,0.205892,0.452358,95.071137,98.623774,12,0,1.0,False,True,95.071136,17655,4585,22240,1040.75,12,105,8.75,20,0.6584001857166489,5.594394902388255,0.5758427282174429,6,0.5
eni_s_p_a,ENI S.P.A.,ENI S.P.A.,2024,C:\Universita\TESI\esg_agent\RAG_full\marker_artifacts\eni_s_p_a\2024\focused\eni_s_p_a_2024_taxonomy_focused.md,ok,,,False,12,0.5,0.5,17,11,11,0.019448,0.284395,78.559126,81.204447,11,0,1.0,False,True,78.559126,16297,3023,19320,1054.3636363636363,11,59,5.363636363636363,18,0.5844218771566044,6.684438532049006,0.5446606088768352,5,0.45454545454545453
k_s_aktiengesellschaft,K+S Aktiengesellschaft,K+S Aktiengesellschaft,2023,C:\Universita\TESI\esg_agent\RAG_full\marker_artifacts\k_s_aktiengesellschaft\2023\focused\k_s_aktiengesellschaft_2023_taxonomy_focused.md,ok,,,False,12,0.5,0.5,17,12,12,0.071876,0.375035,77.577332,80.799964,12,0,1.0,False,True,77.577333,16539,2970,19509,948.1666666666666,12,20,1.6666666666666667,6,0.519657151773572,5.913533642888069,0.5967723230520884,4,0.3333333333333333
repsol_sa,REPSOL SA.,REPSOL SA.,2024,C:\Universita\TESI\esg_agent\RAG_full\marker_artifacts\repsol_sa\2024\focused\repsol_sa_2024_taxonomy_focused.md,ok,,,False,12,0.5,0.5,17,9,9,0.180239,0.366215,74.664144,77.113555,9,0,1.0,False,True,74.664144,14127,3765,17892,1145.888888888889,9,66,7.333333333333333,18,0.4612398713620173,6.389698770311144,0.5442633529504141,6,0.6666666666666666
allianz_se,Allianz SE,Allianz SE,2023,C:\Universita\TESI\esg_agent\RAG_full\marker_artifacts\allianz_se\2023\focused\allianz_se_2023_taxonomy_focused.md,ok,,,False,12,0.5,0.5,17,17,12,0.182187,0.396336,65.948017,69.512349,12,0,0.7058823529411765,True,False,65.948017,18591,2269,20860,1135.6666666666667,12,25,2.0833333333333335,7,0.6683912177880605,6.167254090309143,0.5338702773054441,4,0.3333333333333333
norma_group_se,NORMA Group SE,NORMA Group SE,2023,C:\Universita\TESI\esg_agent\RAG_full\marker_artifacts\norma_group_se\2023\focused\norma_group_se_2023_taxonomy_focused.md,ok,,,False,12,0.5,0.5,17,12,12,0.145398,0.351576,64.865055,68.179741,12,0,1.0,False,True,64.865055,18770,2229,20999,1127.25,12,32,2.6666666666666665,8,0.6354637295007706,6.248338431119919,0.5182598208387693,6,0.5
omv_aktiengesellschaft,OMV AKTIENGESELLSCHAFT,OMV AKTIENGESELLSCHAFT,2024,C:\Universita\TESI\esg_agent\RAG_full\marker_artifacts\omv_aktiengesellschaft\2024\focused\omv_aktiengesellschaft_2024_taxonomy_focused.md,ok,,,False,12,0.5,0.5,17,7,7,0.179684,0.350783,59.612725,61.67377,7,0,1.0,False,True,59.612724,11269,3257,14526,1162.142857142857,7,65,9.285714285714286,19,0.505793605531965,5.1143215383802145,0.6058256711278643,6,0.8571428571428571
bilfinger_se,Bilfinger SE,Bilfinger SE,2023,C:\Universita\TESI\esg_agent\RAG_full\marker_artifacts\bilfinger_se\2023\focused\bilfinger_se_2023_taxonomy_focused.md,ok,,,False,12,0.5,0.5,17,10,10,0.137208,0.391504,56.691637,59.594151,10,0,1.0,False,True,56.691636,14583,1677,16260,1033.9,10,30,3.0,7,0.589873480796814,5.784974837303162,0.5825512021780014,5,0.5
uniqa_insurance_group_ag,UNIQA Insurance Group AG,UNIQA Insurance Group AG,2023,C:\Universita\TESI\esg_agent\RAG_full\marker_artifacts\uniqa_insurance_group_ag\2023\focused\uniqa_insurance_group_ag_2023_taxonomy_focused.md,ok,,,False,12,0.5,0.5,17,12,12,0.067893,0.368342,55.853687,59.042759,12,0,1.0,False,True,55.853687,20678,1463,22141,1293.0833333333333,12,19,1.5833333333333333,13,0.5887055372198423,5.154768268267314,0.5228733693559965,2,0.16666666666666666
s_immo_ag,S IMMO AG,S IMMO AG,2023,C:\Universita\TESI\esg_agent\RAG_full\marker_artifacts\s_immo_ag\2023\focused\s_immo_ag_2023_taxonomy_focused.md,ok,,,False,12,0.5,0.5,17,13,12,0.193274,0.403689,53.484091,56.773562,12,0,0.9230769230769231,True,False,53.484091,19955,1307,21262,1231.3333333333333,12,12,1.0,3,0.6339624586204687,6.731053322553635,0.5055649081865946,5,0.4166666666666667
talanx_aktiengesellschaft,Talanx Aktiengesellschaft,Talanx Aktiengesellschaft,2023,C:\Universita\TESI\esg_agent\RAG_full\marker_artifacts\talanx_aktiengesellschaft\2023\focused\talanx_aktiengesellschaft_2023_taxonomy_focused.md,ok,,,False,12,0.5,0.5,17,14,12,0.162857,0.394471,53.0687,56.394885,12,0,0.8571428571428571,True,False,53.0687,20726,1444,22170,1302.6666666666667,12,16,1.3333333333333333,6,0.7280063101400932,4.362618456284205,0.4816231355071068,4,0.3333333333333333
acs_actividades_de_construcci_n_y_servicios_s_a,"ACS, Actividades de Construcción y Servicios, S.A.","ACS, Actividades de Construcción y Servicios, S.A.",2023,C:\Universita\TESI\esg_agent\RAG_full\marker_artifacts\acs_actividades_de_construcci_n_y_servicios_s_a\2023\focused\acs_actividades_de_construcci_n_y_servicios_s_a_2023_taxonomy_focused.md,ok,,,False,12,0.5,0.5,17,14,12,0.027144,0.298679,48.892545,51.768352,12,0,0.8571428571428571,True,False,48.892546,16986,4581,21567,981.3333333333334,12,117,9.75,21,0.5566039892534415,6.213566978772481,0.6410650114218394,7,0.5833333333333334
wienerberger_ag,Wienerberger AG,Wienerberger AG,2023,C:\Universita\TESI\esg_agent\RAG_full\marker_artifacts\wienerberger_ag\2023\focused\wienerberger_ag_2023_taxonomy_focused.md,ok,,,False,12,0.5,0.5,17,14,12,0.17346,0.392982,46.530753,49.973408,12,0,0.8571428571428571,True,False,46.530753,17248,1031,18279,1003.6666666666666,12,14,1.1666666666666667,5,0.7526075591643652,7.768780926863353,0.5979439144333204,6,0.5
iss_a_s,ISS A/S,ISS A/S,2024,C:\Universita\TESI\esg_agent\RAG_full\marker_artifacts\iss_a_s\2024\focused\iss_a_s_2024_taxonomy_focused.md,ok,,,False,12,0.5,0.5,17,12,12,0.183257,0.513295,46.663451,49.95801,12,0,1.0,False,True,46.66345,19660,601,20261,1212.6666666666667,12,5,0.4166666666666667,5,0.4505408407809834,4.724193642536799,0.5030562753478686,1,0.08333333333333333
ksb_se_co_kgaa_vz,KSB SE & Co. KGaA Vz,KSB SE & Co. KGaA Vz,2023,C:\Universita\TESI\esg_agent\RAG_full\marker_artifacts\ksb_se_co_kgaa_vz\2023\focused\ksb_se_co_kgaa_vz_2023_taxonomy_focused.md,ok,,,False,12,0.5,0.5,17,12,12,0.204478,0.388264,43.956408,47.254787,12,0,1.0,False,True,43.956408,18104,714,18818,1059.4166666666667,12,7,0.5833333333333334,5,0.32676708814688027,5.391125723719597,0.44139601786931354,2,0.16666666666666666
compagnie_de_l_odet_se,Compagnie de l'Odet SE,Compagnie de l'Odet SE,2023,C:\Universita\TESI\esg_agent\RAG_full\marker_artifacts\compagnie_de_l_odet_se\2023\focused\compagnie_de_l_odet_se_2023_taxonomy_focused.md,ok,,,False,12,0.5,0.5,17,12,12,0.170107,0.555115,43.518745,47.16078,12,0,1.0,False,True,43.518746,19864,3058,22922,1229.3333333333333,12,36,3.0,10,0.3807448201502363,5.170093198617299,0.5014190599322319,6,0.5
carrefour,CARREFOUR,CARREFOUR,2024,C:\Universita\TESI\esg_agent\RAG_full\marker_artifacts\carrefour\2024\focused\carrefour_2024_taxonomy_focused.md,ok,,,False,12,0.5,0.5,17,15,12,0.194772,0.44468,43.06551,46.397279,12,0,0.8,True,False,43.065509,19436,3890,23326,1196.0,12,65,5.416666666666667,17,0.5760927498340607,6.835349917411804,0.575378343462944,7,0.5833333333333334
rheinmetall_ag,Rheinmetall AG,Rheinmetall AG,2023,C:\Universita\TESI\esg_agent\RAG_full\marker_artifacts\rheinmetall_ag\2023\focused\rheinmetall_ag_2023_taxonomy_focused.md,ok,,,False,12,0.5,0.5,17,9,9,0.169106,0.37999,43.703795,46.340175,9,0,1.0,False,True,43.703795,13337,1332,14669,1055.3333333333333,9,22,2.4444444444444446,9,0.5575735138522254,4.075719793637593,0.4932045704788632,3,0.3333333333333333
grenke_ag,grenke AG,grenke AG,2023,C:\Universita\TESI\esg_agent\RAG_full\marker_artifacts\grenke_ag\2023\focused\grenke_ag_2023_taxonomy_focused.md,ok,,,False,12,0.5,0.5,17,10,10,0.167247,0.383405,43.281704,46.186907,10,0,1.0,False,True,43.281706,17022,1081,18103,1272.1,10,18,1.8,5,0.6810796111822128,4.858082699775696,0.5336045324802399,5,0.5
deutsche_lufthansa_ag,Deutsche Lufthansa AG,Deutsche Lufthansa AG,2023,C:\Universita\TESI\esg_agent\RAG_full\marker_artifacts\deutsche_lufthansa_ag\2023\focused\deutsche_lufthansa_ag_2023_taxonomy_focused.md,ok,,,False,12,0.5,0.5,17,14,12,0.098362,0.398238,42.384962,45.814125,12,0,0.8571428571428571,True,False,42.384961000000004,19582,530,20112,1217.5833333333333,12,5,0.4166666666666667,3,0.5808354454735914,6.159016927083333,0.486765389641126,3,0.25
grammer_aktiengesellschaft,Grammer Aktiengesellschaft,Grammer Aktiengesellschaft,2023,C:\Universita\TESI\esg_agent\RAG_full\marker_artifacts\grammer_aktiengesellschaft\2023\focused\grammer_aktiengesellschaft_2023_taxonomy_focused.md,ok,,,False,12,0.5,0.5,17,8,8,0.165035,0.372861,42.825121,45.373823,8,0,1.0,False,True,42.82512,11649,1345,12994,1025.5,8,19,2.375,8,0.6221837848424911,7.487555891275406,0.5654734149575233,4,0.5
banco_santander_s_a,"Banco Santander, S.A.","Banco Santander, S.A.",2023,C:\Universita\TESI\esg_agent\RAG_full\marker_artifacts\banco_santander_s_a\2023\focused\banco_santander_s_a_2023_taxonomy_focused.md,ok,,,False,12,0.5,0.5,17,24,12,0.167332,0.462373,39.411262,43.449891,12,0,0.5,True,False,39.411263000000005,20949,2674,23623,1325.25,12,44,3.6666666666666665,23,0.6844938198725382,8.26017196973165,0.519052192568779,3,0.25
telefonica_sa,TELEFONICA SA,TELEFONICA SA,2024,C:\Universita\TESI\esg_agent\RAG_full\marker_artifacts\telefonica_sa\2024\focused\telefonica_sa_2024_taxonomy_focused.md,ok,,,False,12,0.5,0.5,17,7,7,0.189646,0.472293,40.873525,42.99982,7,0,1.0,False,True,40.873526999999996,9985,1492,11477,989.8571428571429,7,25,3.5714285714285716,7,0.6164807294096265,5.1729457548686435,0.5715564957686833,5,0.7142857142857143
l_oreal,L'OREAL,L'OREAL,2024,C:\Universita\TESI\esg_agent\RAG_full\marker_artifacts\l_oreal\2024\focused\l_oreal_2024_taxonomy_focused.md,ok,,,False,12,0.5,0.5,17,8,8,0.178998,0.633193,39.633595,42.181338,8,0,1.0,False,True,39.633596000000004,12104,1260,13364,1090.875,8,15,1.875,8,0.572527788579464,5.842640772461891,0.5580284334719181,2,0.25
deutsche_post_ag,Deutsche Post AG,Deutsche Post AG,2023,C:\Universita\TESI\esg_agent\RAG_full\marker_artifacts\deutsche_post_ag\2023\focused\deutsche_post_ag_2023_taxonomy_focused.md,ok,,,False,12,0.5,0.5,17,17,12,0.206684,0.466413,37.662169,41.313402,12,0,0.7058823529411765,True,False,37.662171,19502,2777,22279,1197.3333333333333,12,52,4.333333333333333,12,0.707776407400767,7.10916797320048,0.5480427965521812,7,0.5833333333333334
bawag_group_ag,BAWAG Group AG,BAWAG Group AG,2023,C:\Universita\TESI\esg_agent\RAG_full\marker_artifacts\bawag_group_ag\2023\focused\bawag_group_ag_2023_taxonomy_focused.md,ok,,,False,12,0.5,0.5,17,23,12,0.11616,0.361513,37.417531,41.088697,12,0,0.5217391304347826,True,False,37.417532,20054,3078,23132,1244.8333333333333,12,32,2.6666666666666665,13,0.7995895594358444,9.841935078303019,0.5288950254519781,4,0.3333333333333333
krones_ag,Krones AG,Krones AG,2023,C:\Universita\TESI\esg_agent\RAG_full\marker_artifacts\krones_ag\2023\focused\krones_ag_2023_taxonomy_focused.md,ok,,,False,12,0.5,0.5,17,8,8,0.172898,0.359209,38.31934,40.710196,8,0,1.0,False,True,38.31934,12262,686,12948,1096.375,8,13,1.625,4,0.4261090010404587,4.678800344467163,0.6337681710720062,5,0.625
bike24_holding_ag,Bike24 Holding AG,Bike24 Holding AG,2023,C:\Universita\TESI\esg_agent\RAG_full\marker_artifacts\bike24_holding_ag\2023\focused\bike24_holding_ag_2023_taxonomy_focused.md,ok,,,False,12,0.5,0.5,17,8,8,0.195038,0.380532,37.755924,40.232305,8,0,1.0,False,True,37.755925,12775,933,13708,1188.25,8,12,1.5,3,0.6275238282978535,4.627234324812889,0.5083665810525417,5,0.625
fresenius_medical_care_ag,Fresenius Medical Care AG,Fresenius Medical Care AG,2023,C:\Universita\TESI\esg_agent\RAG_full\marker_artifacts\fresenius_medical_care_ag\2023\focused\fresenius_medical_care_ag_2023_taxonomy_focused.md,ok,,,False,12,0.5,0.5,17,9,9,0.165652,0.425697,36.472521,39.240645,9,0,1.0,False,True,36.47252,12834,701,13535,992.0,9,10,1.1111111111111112,5,0.5600876576370664,6.8201114601559105,0.5523733761575487,3,0.3333333333333333
airbus_se,AIRBUS SE,AIRBUS SE,2024,C:\Universita\TESI\esg_agent\RAG_full\marker_artifacts\airbus_se\2024\focused\airbus_se_2024_taxonomy_focused.md,ok,,,False,12,0.5,0.5,17,7,7,0.037725,0.305911,37.272644,39.15009,7,0,1.0,False,True,37.272642,10222,1270,11492,1037.4285714285713,7,13,1.8571428571428572,6,0.5859176771981376,6.545853636094502,0.5461357065609523,4,0.5714285714285714
frequentis_ag,FREQUENTIS AG,FREQUENTIS AG,2023,C:\Universita\TESI\esg_agent\RAG_full\marker_artifacts\frequentis_ag\2023\focused\frequentis_ag_2023_taxonomy_focused.md,ok,,,False,12,0.5,0.5,17,9,9,0.164503,0.352401,35.553025,38.201646,9,0,1.0,False,True,35.553024,14199,784,14983,1145.4444444444443,9,7,0.7777777777777778,1,0.6822217636638217,4.441916969087389,0.5471483866373698,7,0.7777777777777778
w_stenrot_w_rttembergische_ag,Wüstenrot & Württembergische AG,Wüstenrot & Württembergische AG,2023,C:\Universita\TESI\esg_agent\RAG_full\marker_artifacts\w_stenrot_w_rttembergische_ag\2023\focused\w_stenrot_w_rttembergische_ag_2023_taxonomy_focused.md,ok,,,False,12,0.5,0.5,17,14,12,0.163508,0.574838,34.477937,38.098529,12,0,0.8571428571428571,True,False,34.477935,20043,3126,23169,1236.6666666666667,12,34,2.8333333333333335,14,0.5000520472725233,5.028301894664764,0.5213599602381388,4,0.3333333333333333
r_stahl_ag,R. Stahl AG,R. Stahl AG,2023,C:\Universita\TESI\esg_agent\RAG_full\marker_artifacts\r_stahl_ag\2023\focused\r_stahl_ag_2023_taxonomy_focused.md,ok,,,False,12,0.5,0.5,17,20,12,0.179651,0.510361,33.795002,37.22172,12,0,0.6,True,False,33.795002,19736,2241,21977,1220.0833333333333,12,34,2.8333333333333335,8,0.5951316480835279,7.815585752328237,0.5664106359084448,10,0.8333333333333334
fuchs_se,FUCHS SE,FUCHS SE,2024,C:\Universita\TESI\esg_agent\RAG_full\marker_artifacts\fuchs_se\2024\focused\fuchs_se_2024_taxonomy_focused.md,ok,,,False,12,0.5,0.5,17,6,6,0.18379,0.352904,35.349516,37.192775,6,0,1.0,False,True,35.349516,9094,1611,10705,1181.0,6,18,3.0,11,0.5489275256792704,4.857091228167216,0.5851562221844991,4,0.6666666666666666
safran,SAFRAN,SAFRAN,2024,C:\Universita\TESI\esg_agent\RAG_full\marker_artifacts\safran\2024\focused\safran_2024_taxonomy_focused.md,ok,,,False,12,0.5,0.5,17,6,6,0.097036,0.364154,35.23988,37.014155,6,0,1.0,False,True,35.23988,8919,1433,10352,1063.3333333333333,6,20,3.3333333333333335,8,0.5285318965713183,6.995768407980601,0.5471553802490234,4,0.6666666666666666
omv_ag,OMV AG,OMV AG,2023,C:\Universita\TESI\esg_agent\RAG_full\marker_artifacts\omv_ag\2023\focused\omv_ag_2023_taxonomy_focused.md,ok,,,False,12,0.5,0.5,17,10,10,0.132353,0.399226,33.950549,36.882762,10,0,1.0,False,True,33.950548,14680,3069,17749,1051.1,10,68,6.8,18,0.6894486248493195,5.029877829551697,0.5556423753499985,6,0.6
friedrich_vorwerk_group_se,Friedrich Vorwerk Group SE,Friedrich Vorwerk Group SE,2023,C:\Universita\TESI\esg_agent\RAG_full\marker_artifacts\friedrich_vorwerk_group_se\2023\focused\friedrich_vorwerk_group_se_2023_taxonomy_focused.md,ok,,,False,12,0.5,0.5,17,6,6,0.170641,0.387855,34.805273,36.786456,6,0,1.0,False,True,34.805273,8500,899,9399,979.6666666666666,6,20,3.3333333333333335,5,0.6204347262779871,4.709500551223755,0.5435055593649546,4,0.6666666666666666
fraport_ag,Fraport AG,Fraport AG,2023,C:\Universita\TESI\esg_agent\RAG_full\marker_artifacts\fraport_ag\2023\focused\fraport_ag_2023_taxonomy_focused.md,ok,,,False,12,0.5,0.5,17,12,12,0.191117,0.367865,33.296825,36.690469,12,0,1.0,False,True,33.296824,18512,2152,20664,1110.4166666666667,12,35,2.9166666666666665,7,0.5412578756610552,6.948006987571716,0.514671174188455,7,0.5833333333333334
freenet_ag,freenet AG,freenet AG,2023,C:\Universita\TESI\esg_agent\RAG_full\marker_artifacts\freenet_ag\2023\focused\freenet_ag_2023_taxonomy_focused.md,ok,,,False,12,0.5,0.5,17,10,10,0.102803,0.361819,33.696733,36.426886,10,0,1.0,False,True,33.696734,16306,2679,18985,1199.2,10,42,4.2,12,0.6217237174510956,5.09974946975708,0.546318969130516,6,0.6
covestro_ag,Covestro AG,Covestro AG,2023,C:\Universita\TESI\esg_agent\RAG_full\marker_artifacts\covestro_ag\2023\focused\covestro_ag_2023_taxonomy_focused.md,ok,,,False,12,0.5,0.5,17,14,12,0.184561,0.387198,32.511341,36.197743,12,0,0.8571428571428571,True,False,32.511342,20615,1957,22572,1292.9166666666667,12,37,3.0833333333333335,10,0.6899059216181437,7.936960260073344,0.5860582664608955,6,0.5
jungheinrich_ag,Jungheinrich AG,Jungheinrich AG,2023,C:\Universita\TESI\esg_agent\RAG_full\marker_artifacts\jungheinrich_ag\2023\focused\jungheinrich_ag_2023_taxonomy_focused.md,ok,,,False,12,0.5,0.5,17,10,10,0.171962,0.385448,32.918781,35.900975,10,0,1.0,False,True,32.918780999999996,15814,3074,18888,1149.7,10,40,4.0,8,0.5221697986125946,4.758594512939453,0.6093741059303284,6,0.6
bayer_ag,Bayer AG,Bayer AG,2023,C:\Universita\TESI\esg_agent\RAG_full\marker_artifacts\bayer_ag\2023\focused\bayer_ag_2023_taxonomy_focused.md,ok,,,False,12,0.5,0.5,17,8,8,0.072171,0.357814,33.488959,35.7885,8,0,1.0,False,True,33.488958000000004,12734,622,13356,1163.375,8,11,1.375,7,0.5834152232855558,5.517871126532555,0.4981894828379154,5,0.625
jenoptik_ag,Jenoptik AG,Jenoptik AG,2023,C:\Universita\TESI\esg_agent\RAG_full\marker_artifacts\jenoptik_ag\2023\focused\jenoptik_ag_2023_taxonomy_focused.md,ok,,,False,12,0.5,0.5,17,7,7,0.15821,0.388472,33.287225,35.609163,7,0,1.0,False,True,33.287225,10114,1168,11282,1009.8571428571429,7,16,2.2857142857142856,5,0.5976857202393668,5.983907708099911,0.5597193624292102,4,0.5714285714285714
daimler_ag,Daimler AG,Daimler AG,2023,C:\Universita\TESI\esg_agent\RAG_full\marker_artifacts\daimler_ag\2023\focused\daimler_ag_2023_taxonomy_focused.md,ok,,,False,12,0.5,0.5,17,9,9,0.174015,1.069777,31.949591,35.413051,9,0,1.0,False,True,31.949590999999998,15248,752,16000,1262.5555555555557,9,9,1.0,5,0.5576271878348457,4.650699317455292,0.5531300339433882,3,0.3333333333333333
melia_hotels_international_s_a,"Melia Hotels International, S.A.","Melia Hotels International, S.A.",2023,C:\Universita\TESI\esg_agent\RAG_full\marker_artifacts\melia_hotels_international_s_a\2023\focused\melia_hotels_international_s_a_2023_taxonomy_focused.md,ok,,,False,12,0.5,0.5,17,7,7,0.076068,0.345798,32.974867,35.060911,7,0,1.0,False,True,32.974867,10657,526,11183,1091.5714285714287,7,6,0.8571428571428571,2,0.5165569228785378,5.143461908612933,0.49838251726967947,5,0.7142857142857143
gea_group_aktiengesellschaft,GEA Group Aktiengesellschaft,GEA Group Aktiengesellschaft,2023,C:\Universita\TESI\esg_agent\RAG_full\marker_artifacts\gea_group_aktiengesellschaft\2023\focused\gea_group_aktiengesellschaft_2023_taxonomy_focused.md,ok,,,False,12,0.5,0.5,17,14,12,0.172267,0.384738,31.192252,34.609798,12,0,0.8571428571428571,True,False,31.192251,18371,2043,20414,1101.3333333333333,12,45,3.75,16,0.5491608182589213,5.687230169773102,0.5659584154685339,4,0.3333333333333333
zumtobel_group_ag,Zumtobel Group AG,Zumtobel Group AG,2023,C:\Universita\TESI\esg_agent\RAG_full\marker_artifacts\zumtobel_group_ag\2023\focused\zumtobel_group_ag_2023_taxonomy_focused.md,ok,,,False,12,0.5,0.5,17,7,7,0.093247,0.391387,32.433298,34.50345,7,0,1.0,False,True,32.433297,9988,937,10925,996.2857142857143,7,16,2.2857142857142856,10,0.565488685454641,6.025295036179679,0.5628330324377332,3,0.42857142857142855
bmw_ag_vz,BMW AG Vz,BMW AG Vz,2023,C:\Universita\TESI\esg_agent\RAG_full\marker_artifacts\bmw_ag_vz\2023\focused\bmw_ag_vz_2023_taxonomy_focused.md,ok,,,False,12,0.5,0.5,17,19,12,0.26165,0.546852,30.509903,34.182176,12,0,0.631578947368421,True,False,30.509905,20188,1226,21414,1259.3333333333333,12,10,0.8333333333333334,3,0.657333493232727,8.849172194798788,0.5224602098266283,4,0.3333333333333333
prosiebensat_1_media_se,ProSiebenSat.1 Media SE,ProSiebenSat.1 Media SE,2023,C:\Universita\TESI\esg_agent\RAG_full\marker_artifacts\prosiebensat_1_media_se\2023\focused\prosiebensat_1_media_se_2023_taxonomy_focused.md,ok,,,False,12,0.5,0.5,17,7,7,0.376933,0.368676,31.707714,34.142981,7,0,1.0,False,True,31.707714,11803,694,12497,1246.2857142857142,7,6,0.8571428571428571,6,0.5623190941322329,5.9243814264025,0.4783229444708143,1,0.14285714285714285
renta_4_banco_s_a,"Renta 4 Banco, S.A.","Renta 4 Banco, S.A.",2023,C:\Universita\TESI\esg_agent\RAG_full\marker_artifacts\renta_4_banco_s_a\2023\focused\renta_4_banco_s_a_2023_taxonomy_focused.md,ok,,,False,12,0.5,0.5,17,27,12,0.101694,0.401535,30.416875,33.818873,12,0,0.4444444444444444,True,False,30.416874,17961,1802,19763,1064.4166666666667,12,38,3.1666666666666665,22,0.7228879580895106,6.906760652860005,0.4849163144826889,2,0.16666666666666666
porsche_ag_vz,Porsche AG Vz,Porsche AG Vz,2023,C:\Universita\TESI\esg_agent\RAG_full\marker_artifacts\porsche_ag_vz\2023\focused\porsche_ag_vz_2023_taxonomy_focused.md,ok,,,False,12,0.5,0.5,17,13,12,0.137992,0.486574,29.881465,33.588677,12,0,0.9230769230769231,True,False,29.881465,18783,1233,20016,1128.8333333333333,12,13,1.0833333333333333,3,0.4710858253141244,5.903621623913447,0.5241826772689819,6,0.5
e_on_se,E.ON SE,E.ON SE,2024,C:\Universita\TESI\esg_agent\RAG_full\marker_artifacts\e_on_se\2024\focused\e_on_se_2024_taxonomy_focused.md,ok,,,False,12,0.5,0.5,17,11,11,0.129044,0.463561,30.525905,33.548882,11,0,1.0,False,True,30.525904,17048,3587,20635,1104.090909090909,11,88,8.0,18,0.4443432810631665,5.241456682031805,0.5838085304607045,8,0.7272727272727273
scout24_se,Scout24 SE,Scout24 SE,2023,C:\Universita\TESI\esg_agent\RAG_full\marker_artifacts\scout24_se\2023\focused\scout24_se_2023_taxonomy_focused.md,ok,,,False,12,0.5,0.5,17,8,8,0.078468,0.334993,31.162288,33.329543,8,0,1.0,False,True,31.162287,12265,804,13069,1105.0,8,7,0.875,4,0.6366238761693239,4.581980809569359,0.5004176869988441,4,0.5
daimler_truck_holding_ag,Daimler Truck Holding AG,Daimler Truck Holding AG,2023,C:\Universita\TESI\esg_agent\RAG_full\marker_artifacts\daimler_truck_holding_ag\2023\focused\daimler_truck_holding_ag_2023_taxonomy_focused.md,ok,,,False,12,0.5,0.5,17,8,8,0.17463,0.462993,30.285029,33.031666,8,0,1.0,False,True,30.285029,11443,902,12345,993.625,8,12,1.5,4,0.5533281825482845,4.398042216897011,0.5993252210319042,3,0.375
sartorius_ag_st,Sartorius AG St,Sartorius AG St,2023,C:\Universita\TESI\esg_agent\RAG_full\marker_artifacts\sartorius_ag_st\2023\focused\sartorius_ag_st_2023_taxonomy_focused.md,ok,,,False,12,0.5,0.5,17,7,7,0.153929,0.383298,30.733163,32.887604,7,0,1.0,False,True,30.733162,9604,1000,10604,938.0,7,16,2.2857142857142856,6,0.5648545282227653,3.863877671105521,0.5761978030204773,4,0.5714285714285714
ab_volvo,AB VOLVO,AB VOLVO,2024,C:\Universita\TESI\esg_agent\RAG_full\marker_artifacts\ab_volvo\2024\focused\ab_volvo_2024_taxonomy_focused.md,ok,,,False,12,0.5,0.5,17,8,8,0.028648,0.308252,30.817486,32.824801,8,0,1.0,False,True,30.817487,11949,553,12502,1078.875,8,11,1.375,4,0.5122912814840674,5.353079626336694,0.5061877742409706,3,0.375
acerinox_s_a,Acerinox S.A.,Acerinox S.A.,2023,C:\Universita\TESI\esg_agent\RAG_full\marker_artifacts\acerinox_s_a\2023\focused\acerinox_s_a_2023_taxonomy_focused.md,ok,,,False,12,0.5,0.5,17,18,12,0.032384,0.363226,29.653441,32.621416,12,0,0.6666666666666666,True,False,29.653441,20172,1505,21677,1253.9166666666667,12,15,1.25,6,0.6225421701868376,6.92537134885788,0.5351979856689771,6,0.5
elringklinger_ag,ElringKlinger AG,ElringKlinger AG,2023,C:\Universita\TESI\esg_agent\RAG_full\marker_artifacts\elringklinger_ag\2023\focused\elringklinger_ag_2023_taxonomy_focused.md,ok,,,False,12,0.5,0.5,17,12,12,0.078812,0.418469,29.23444,32.580353,12,0,1.0,False,True,29.23444,19708,1909,21617,1201.9166666666667,12,28,2.3333333333333335,7,0.39348480353752774,5.682120323181152,0.56613706300656,8,0.6666666666666666
porr_ag,PORR AG,PORR AG,2023,C:\Universita\TESI\esg_agent\RAG_full\marker_artifacts\porr_ag\2023\focused\porr_ag_2023_taxonomy_focused.md,ok,,,False,12,0.5,0.5,17,8,8,0.11503,0.437916,29.982466,32.465333,8,0,1.0,False,True,29.982466,13778,3224,17002,1297.375,8,62,7.75,22,0.4760404657572508,6.916545253247023,0.5168570652604103,3,0.375
edp_renov_veis_s_a,"EDP Renováveis, S.A.","EDP Renováveis, S.A.",2023,C:\Universita\TESI\esg_agent\RAG_full\marker_artifacts\edp_renov_veis_s_a\2023\focused\edp_renov_veis_s_a_2023_taxonomy_focused.md,ok,,,False,12,0.5,0.5,17,9,9,0.075572,0.375043,29.554007,32.364893,9,0,1.0,False,True,29.554007,11938,565,12503,895.8888888888889,9,9,1.0,3,0.47640905115339494,6.755234082539876,0.5445989138550229,3,0.3333333333333333
renault,RENAULT,RENAULT,2024,C:\Universita\TESI\esg_agent\RAG_full\marker_artifacts\renault\2024\focused\renault_2024_taxonomy_focused.md,ok,,,False,12,0.5,0.5,17,7,7,0.166231,0.387971,29.838424,31.909894,7,0,1.0,False,True,29.838425,11423,1265,12688,1201.857142857143,7,19,2.7142857142857144,7,0.47133173274674584,4.171152212790081,0.4913756932531084,4,0.5714285714285714
rwe_ag_st,RWE AG St,RWE AG St,2023,C:\Universita\TESI\esg_agent\RAG_full\marker_artifacts\rwe_ag_st\2023\focused\rwe_ag_st_2023_taxonomy_focused.md,ok,,,False,12,0.5,0.5,17,8,8,0.086581,0.434384,29.350781,31.75005,8,0,1.0,False,True,29.35078,11131,973,12104,958.125,8,23,2.875,7,0.5693529881536961,3.556225560605526,0.5937911458313465,4,0.5
heidelberg_materials_ag,Heidelberg Materials AG,Heidelberg Materials AG,2023,C:\Universita\TESI\esg_agent\RAG_full\marker_artifacts\heidelberg_materials_ag\2023\focused\heidelberg_materials_ag_2023_taxonomy_focused.md,ok,,,False,12,0.5,0.5,17,6,6,0.147598,0.419447,29.644717,31.749733,6,0,1.0,False,True,29.644717999999997,10494,981,11475,1316.5,6,9,1.5,3,0.6744390924771627,5.480869988600413,0.5260615646839142,3,0.5
d_rr_ag,Dürr AG,Dürr AG,2023,C:\Universita\TESI\esg_agent\RAG_full\marker_artifacts\d_rr_ag\2023\focused\d_rr_ag_2023_taxonomy_focused.md,ok,,,False,12,0.5,0.5,17,11,11,0.097264,0.478526,28.479936,31.682104,11,0,1.0,False,True,28.479937,16016,1479,17495,1023.9090909090909,11,21,1.9090909090909092,8,0.6834862178022211,5.1990344741127705,0.5720678649165414,4,0.36363636363636365
koninklijke_ahold_delhaize_n_v,KONINKLIJKE AHOLD DELHAIZE N.V.,KONINKLIJKE AHOLD DELHAIZE N.V.,2024,C:\Universita\TESI\esg_agent\RAG_full\marker_artifacts\koninklijke_ahold_delhaize_n_v\2024\focused\koninklijke_ahold_delhaize_n_v_2024_taxonomy_focused.md,ok,,,False,12,0.5,0.5,17,5,5,0.182184,0.379957,30.006899,31.662702,5,0,1.0,False,True,30.0069,8722,1336,10058,1284.8,5,24,4.8,10,0.5658545374870301,4.368076872825623,0.5438841640949249,3,0.6
lanxess_ag,LANXESS AG,LANXESS AG,2023,C:\Universita\TESI\esg_agent\RAG_full\marker_artifacts\lanxess_ag\2023\focused\lanxess_ag_2023_taxonomy_focused.md,ok,,,False,12,0.5,0.5,17,8,8,0.200435,0.35057,28.936048,31.462617,8,0,1.0,False,True,28.936048,11973,823,12796,1067.625,8,12,1.5,6,0.5279265721910633,4.21883450448513,0.543248925358057,3,0.375
knorr_bremse_ag,Knorr-Bremse AG,Knorr-Bremse AG,2023,C:\Universita\TESI\esg_agent\RAG_full\marker_artifacts\knorr_bremse_ag\2023\focused\knorr_bremse_ag_2023_taxonomy_focused.md,ok,,,False,12,0.5,0.5,17,10,10,0.179166,0.383813,28.096297,30.912264,10,0,1.0,False,True,28.096297,15079,1893,16972,1075.8,10,33,3.3,13,0.5742643877863884,5.279824820160866,0.5459125027060509,4,0.4
lacroix_group,LACROIX Group,LACROIX Group,2023,C:\Universita\TESI\esg_agent\RAG_full\marker_artifacts\lacroix_group\2023\focused\lacroix_group_2023_taxonomy_focused.md,ok,,,False,12,0.5,0.5,17,5,5,0.149825,0.465633,28.981485,30.763851,5,0,1.0,False,True,28.981484000000002,8011,1103,9114,1176.0,5,18,3.6,15,0.5254203077405691,5.629780316352845,0.4947421312332153,2,0.4
gestamp_automoci_n_s_a,"Gestamp Automoción, S.A.","Gestamp Automoción, S.A.",2023,C:\Universita\TESI\esg_agent\RAG_full\marker_artifacts\gestamp_automoci_n_s_a\2023\focused\gestamp_automoci_n_s_a_2023_taxonomy_focused.md,ok,,,False,12,0.5,0.5,17,15,12,0.195323,0.434795,26.550574,29.992694,12,0,0.8,True,False,26.550574,19304,1024,20328,1180.0833333333333,12,12,1.0,2,0.5041780273119608,6.38340558608373,0.4726666510105133,7,0.5833333333333334
brenntag_se,Brenntag SE,Brenntag SE,2023,C:\Universita\TESI\esg_agent\RAG_full\marker_artifacts\brenntag_se\2023\focused\brenntag_se_2023_taxonomy_focused.md,ok,,,False,12,0.5,0.5,17,5,5,0.071282,0.371826,28.094632,29.832097,5,0,1.0,False,True,28.094632,7182,1207,8389,1000.8,5,15,3.0,11,0.5618562936782837,6.0521464347839355,0.5851021885871888,5,1.0
enag_s_s_a,"Enagás, S.A.","Enagás, S.A.",2023,C:\Universita\TESI\esg_agent\RAG_full\marker_artifacts\enag_s_s_a\2023\focused\enag_s_s_a_2023_taxonomy_focused.md,ok,,,False,12,0.5,0.5,17,10,10,0.189519,0.476743,26.454067,29.496006,10,0,1.0,False,True,26.454067000000002,15385,1931,17316,1107.6,10,34,3.4,9,0.5926937870681286,6.1945050120353695,0.5338337451219559,5,0.5
delivery_hero_se,Delivery Hero SE,Delivery Hero SE,2023,C:\Universita\TESI\esg_agent\RAG_full\marker_artifacts\delivery_hero_se\2023\focused\delivery_hero_se_2023_taxonomy_focused.md,ok,,,False,12,0.5,0.5,17,12,12,0.199974,0.48134,25.697791,29.368261,12,0,1.0,False,True,25.69779,19096,965,20061,1167.25,12,16,1.3333333333333333,4,0.4391710838923852,6.72172952691714,0.48674167692661285,5,0.4166666666666667
prosegur_cash_s_a,"Prosegur Cash, S.A.","Prosegur Cash, S.A.",2023,C:\Universita\TESI\esg_agent\RAG_full\marker_artifacts\prosegur_cash_s_a\2023\focused\prosegur_cash_s_a_2023_taxonomy_focused.md,ok,,,False,12,0.5,0.5,17,15,12,0.164657,0.49191,25.649453,29.150074,12,0,0.8,True,False,25.649452,18323,1072,19395,1094.0833333333333,12,11,0.9166666666666666,3,0.6400808990001678,7.314366360505422,0.5176170070966085,5,0.4166666666666667
rh_n_klinikum_ag,RHÖN-KLINIKUM AG,RHÖN-KLINIKUM AG,2023,C:\Universita\TESI\esg_agent\RAG_full\marker_artifacts\rh_n_klinikum_ag\2023\focused\rh_n_klinikum_ag_2023_taxonomy_focused.md,ok,,,False,12,0.5,0.5,17,9,9,0.176209,0.363169,26.527592,29.132321,9,0,1.0,False,True,26.527593,14280,1948,16228,1148.0,9,32,3.5555555555555554,9,0.5056457610593902,7.253394312328762,0.5600594182809194,4,0.4444444444444444
strabag_se,STRABAG SE,STRABAG SE,2023,C:\Universita\TESI\esg_agent\RAG_full\marker_artifacts\strabag_se\2023\focused\strabag_se_2023_taxonomy_focused.md,ok,,,False,12,0.5,0.5,17,8,8,0.175269,0.42559,26.484464,28.988208,8,0,1.0,False,True,26.484464,13285,2103,15388,1228.625,8,54,6.75,11,0.6058339327573776,4.628214806318283,0.5685764327645302,6,0.75
fuchs_se,FUCHS SE,FUCHS SE,2023,C:\Universita\TESI\esg_agent\RAG_full\marker_artifacts\fuchs_se\2023\focused\fuchs_se_2023_taxonomy_focused.md,ok,,,False,12,0.5,0.5,17,7,7,0.1663,0.557521,26.470537,28.79725,7,0,1.0,False,True,26.470537,10137,653,10790,1019.2857142857143,7,8,1.1428571428571428,5,0.7070692096437726,5.809271131243024,0.5834257347243172,3,0.42857142857142855
immofinanz_ag,Immofinanz AG,Immofinanz AG,2023,C:\Universita\TESI\esg_agent\RAG_full\marker_artifacts\immofinanz_ag\2023\focused\immofinanz_ag_2023_taxonomy_focused.md,ok,,,False,12,0.5,0.5,17,6,6,0.190107,0.369647,26.475535,28.456625,6,0,1.0,False,True,26.475536,9292,652,9944,1115.1666666666667,6,6,1.0,3,0.532696266969045,4.813559214274089,0.6116725007692972,4,0.6666666666666666
virbac,Virbac,Virbac,2023,C:\Universita\TESI\esg_agent\RAG_full\marker_artifacts\virbac\2023\focused\virbac_2023_taxonomy_focused.md,ok,,,False,12,0.5,0.5,17,10,10,0.114034,0.400337,25.098711,27.971227,10,0,1.0,False,True,25.098712,14749,2108,16857,1051.5,10,28,2.8,11,0.4350159291177988,6.929031014442444,0.5249662101268768,5,0.5
aena_s_m_e_s_a,"Aena S.M.E., S.A.","Aena S.M.E., S.A.",2023,C:\Universita\TESI\esg_agent\RAG_full\marker_artifacts\aena_s_m_e_s_a\2023\focused\aena_s_m_e_s_a_2023_taxonomy_focused.md,ok,,,False,12,0.5,0.5,17,22,12,0.026834,0.361319,24.788007,27.85744,12,0,0.5454545454545454,True,False,24.788007,19375,2413,21788,1181.9166666666667,12,68,5.666666666666667,12,0.6901379848519961,8.755934953689575,0.6003216803073883,7,0.5833333333333334
henkel_ag_co_kgaa,HENKEL AG & CO. KGAA,HENKEL AG & CO. KGAA,2024,C:\Universita\TESI\esg_agent\RAG_full\marker_artifacts\henkel_ag_co_kgaa\2024\focused\henkel_ag_co_kgaa_2024_taxonomy_focused.md,ok,,,False,12,0.5,0.5,17,6,6,0.158901,0.409957,25.885713,27.764994,6,0,1.0,False,True,25.885714,9438,707,10145,1123.6666666666667,6,10,1.6666666666666667,8,0.531876360376676,4.870739887158076,0.571179062128067,2,0.3333333333333333
sma_solar_technology_ag,SMA Solar Technology AG,SMA Solar Technology AG,2023,C:\Universita\TESI\esg_agent\RAG_full\marker_artifacts\sma_solar_technology_ag\2023\focused\sma_solar_technology_ag_2023_taxonomy_focused.md,ok,,,False,12,0.5,0.5,17,17,12,0.177449,0.447333,24.349778,27.744729,12,0,0.7058823529411765,True,False,24.349779,18728,1412,20140,1126.5,12,26,2.1666666666666665,4,0.7025502944986025,6.180390497048696,0.5771572217345238,9,0.75
akwel,AKWEL,AKWEL,2023,C:\Universita\TESI\esg_agent\RAG_full\marker_artifacts\akwel\2023\focused\akwel_2023_taxonomy_focused.md,ok,,,False,12,0.5,0.5,17,9,9,0.272092,0.366767,24.949646,27.712156,9,0,1.0,False,True,24.949647,13445,999,14444,1067.888888888889,9,14,1.5555555555555556,7,0.603005877799458,6.924153990215725,0.57693260245853,3,0.3333333333333333
patrizia_se,PATRIZIA SE,PATRIZIA SE,2023,C:\Universita\TESI\esg_agent\RAG_full\marker_artifacts\patrizia_se\2023\focused\patrizia_se_2023_taxonomy_focused.md,ok,,,False,12,0.5,0.5,17,12,12,0.206321,0.445367,24.034803,27.404467,12,0,1.0,False,True,24.034803,18409,911,19320,1111.4166666666667,12,6,0.5,6,0.6079000780979792,5.324070940415065,0.5277612457672755,1,0.08333333333333333
evonik_industries_ag,Evonik Industries AG,Evonik Industries AG,2023,C:\Universita\TESI\esg_agent\RAG_full\marker_artifacts\evonik_industries_ag\2023\focused\evonik_industries_ag_2023_taxonomy_focused.md,ok,,,False,12,0.5,0.5,17,5,5,0.126896,0.364122,25.220011,26.956685,5,0,1.0,False,True,25.220010000000002,7473,733,8206,1070.4,5,13,2.6,6,0.5501689016819,5.539383316040039,0.5963711440563202,3,0.6
volkswagen_ag_vz,Volkswagen AG Vz,Volkswagen AG Vz,2023,C:\Universita\TESI\esg_agent\RAG_full\marker_artifacts\volkswagen_ag_vz\2023\focused\volkswagen_ag_vz_2023_taxonomy_focused.md,ok,,,False,12,0.5,0.5,17,10,10,0.075679,0.377622,24.006638,26.745347,10,0,1.0,False,True,24.006639,16618,1476,18094,1234.9,10,29,2.9,5,0.6264815956354142,4.939903849363327,0.5160952240228653,7,0.7
savencia,Savencia,Savencia,2023,C:\Universita\TESI\esg_agent\RAG_full\marker_artifacts\savencia\2023\focused\savencia_2023_taxonomy_focused.md,ok,,,False,12,0.5,0.5,17,12,12,0.179582,0.454823,23.365247,26.651551,12,0,1.0,False,True,23.365247,19180,1015,20195,1183.25,12,16,1.3333333333333333,16,0.4370419643819332,4.6625998218854265,0.45785729587078094,1,0.08333333333333333
aib_group_plc,AIB Group plc,AIB Group plc,2023,C:\Universita\TESI\esg_agent\RAG_full\marker_artifacts\aib_group_plc\2023\focused\aib_group_plc_2023_taxonomy_focused.md,ok,,,False,12,0.5,0.5,17,14,12,0.031673,0.302856,23.520202,26.443293,12,0,0.8571428571428571,True,False,23.520202,18726,1426,20152,1126.1666666666667,12,25,2.0833333333333335,19,0.5652761360009512,5.867826014757156,0.4731009304523468,2,0.16666666666666666
volkswagen_ag_st,Volkswagen AG St,Volkswagen AG St,2023,C:\Universita\TESI\esg_agent\RAG_full\marker_artifacts\volkswagen_ag_st\2023\focused\volkswagen_ag_st_2023_taxonomy_focused.md,ok,,,False,12,0.5,0.5,17,11,11,0.166759,0.42237,23.069632,26.186093,11,0,1.0,False,True,23.069633,17083,1580,18663,1127.090909090909,11,26,2.3636363636363638,5,0.6271333653818477,4.981870816512541,0.5266200981356881,6,0.5454545454545454
alzchem_group_ag,Alzchem Group AG,Alzchem Group AG,2023,C:\Universita\TESI\esg_agent\RAG_full\marker_artifacts\alzchem_group_ag\2023\focused\alzchem_group_ag_2023_taxonomy_focused.md,ok,,,False,12,0.5,0.5,17,9,9,0.132661,0.394127,23.24115,26.020907,9,0,1.0,False,True,23.241148,14319,1255,15574,1157.5555555555557,9,21,2.3333333333333335,9,0.524816119008594,4.888311266899109,0.6154760089185503,4,0.4444444444444444
schneider_electric_se,SCHNEIDER ELECTRIC SE,SCHNEIDER ELECTRIC SE,2024,C:\Universita\TESI\esg_agent\RAG_full\marker_artifacts\schneider_electric_se\2024\focused\schneider_electric_se_2024_taxonomy_focused.md,ok,,,False,12,0.5,0.5,17,9,9,0.18638,0.362086,23.31799,25.818985,9,0,1.0,False,True,23.31799,13685,3074,16759,1097.7777777777778,9,81,9.0,19,0.5319747726122538,5.507822460598415,0.6141526699066162,7,0.7777777777777778
vienna_insurance_group_ag,VIENNA INSURANCE GROUP AG,VIENNA INSURANCE GROUP AG,2023,C:\Universita\TESI\esg_agent\RAG_full\marker_artifacts\vienna_insurance_group_ag\2023\focused\vienna_insurance_group_ag_2023_taxonomy_focused.md,ok,,,False,12,0.5,0.5,17,7,7,0.164054,0.433226,23.625903,25.798926,7,0,1.0,False,True,23.625903,10670,1620,12290,1090.5714285714287,7,24,3.4285714285714284,7,0.6597487926483154,4.835229064737048,0.5643997490406036,4,0.5714285714285714
hawesko_holding_se,Hawesko Holding SE,Hawesko Holding SE,2023,C:\Universita\TESI\esg_agent\RAG_full\marker_artifacts\hawesko_holding_se\2023\focused\hawesko_holding_se_2023_taxonomy_focused.md,ok,,,False,12,0.5,0.5,17,7,7,0.168137,0.36842,23.333757,25.693257,7,0,1.0,False,True,23.333757,10571,287,10858,1078.857142857143,7,1,0.14285714285714285,1,0.566743369613375,5.762031044278826,0.4422397400651659,1,0.14285714285714285
industria_de_diseno_textil_s_a,INDUSTRIA DE DISENO TEXTIL S.A.,INDUSTRIA DE DISENO TEXTIL S.A.,2024,C:\Universita\TESI\esg_agent\RAG_full\marker_artifacts\industria_de_diseno_textil_s_a\2024\focused\industria_de_diseno_textil_s_a_2024_taxonomy_focused.md,ok,,,False,12,0.5,0.5,17,4,4,0.15841,0.352802,24.325997,25.691051,4,0,1.0,False,True,24.325996999999997,5620,689,6309,969.25,4,8,2.0,4,0.6635741889476776,5.5447763204574585,0.5601011961698532,2,0.5
deutsche_telekom_ag,Deutsche Telekom AG,Deutsche Telekom AG,2023,C:\Universita\TESI\esg_agent\RAG_full\marker_artifacts\deutsche_telekom_ag\2023\focused\deutsche_telekom_ag_2023_taxonomy_focused.md,ok,,,False,12,0.5,0.5,17,9,9,0.213775,0.359067,22.283363,25.11612,9,0,1.0,False,True,22.283362,13141,1473,14614,1030.111111111111,9,22,2.4444444444444446,5,0.5200289173258675,6.460702465640174,0.5311837428145938,7,0.7777777777777778
ds_smith_limited,DS SMITH LIMITED,DS SMITH LIMITED,2024,C:\Universita\TESI\esg_agent\RAG_full\marker_artifacts\ds_smith_limited\2024\focused\ds_smith_limited_2024_taxonomy_focused.md,ok,,,False,12,0.5,0.5,17,5,5,0.098419,0.353217,23.436869,25.008527,5,0,1.0,False,True,23.436869,8416,525,8941,1261.6,5,7,1.4,5,0.47654124200344083,4.9728621482849125,0.5164884686470032,2,0.4
enbw_energie_baden_w_rttemberg_ag,EnBW Energie Baden-Württemberg AG,EnBW Energie Baden-Württemberg AG,2023,C:\Universita\TESI\esg_agent\RAG_full\marker_artifacts\enbw_energie_baden_w_rttemberg_ag\2023\focused\enbw_energie_baden_w_rttemberg_ag_2023_taxonomy_focused.md,ok,,,False,12,0.5,0.5,17,9,9,0.078483,0.354962,22.398597,24.978092,9,0,1.0,False,True,22.398598,13193,1815,15008,1039.0,9,36,4.0,11,0.4895336719022857,6.362126310666402,0.5523751179377238,4,0.4444444444444444
beiersdorf_ag,Beiersdorf AG,Beiersdorf AG,2023,C:\Universita\TESI\esg_agent\RAG_full\marker_artifacts\beiersdorf_ag\2023\focused\beiersdorf_ag_2023_taxonomy_focused.md,ok,,,False,12,0.5,0.5,17,8,8,0.19079,0.361914,22.385067,24.896638,8,0,1.0,False,True,22.385066000000002,11085,1277,12362,957.75,8,30,3.75,8,0.590434119105339,4.1254569590091705,0.5401085428893566,6,0.75
polytec_holding_ag,POLYTEC Holding AG,POLYTEC Holding AG,2023,C:\Universita\TESI\esg_agent\RAG_full\marker_artifacts\polytec_holding_ag\2023\focused\polytec_holding_ag_2023_taxonomy_focused.md,ok,,,False,12,0.5,0.5,17,9,9,0.177027,0.419432,22.217312,24.883342,9,0,1.0,False,True,22.217312,13992,1394,15386,1126.3333333333333,9,20,2.2222222222222223,7,0.5263332943949435,6.01436890496148,0.5377560158570608,4,0.4444444444444444
medios_ag,Medios AG,Medios AG,2023,C:\Universita\TESI\esg_agent\RAG_full\marker_artifacts\medios_ag\2023\focused\medios_ag_2023_taxonomy_focused.md,ok,,,False,12,0.5,0.5,17,9,9,0.166176,0.365466,21.460501,24.030275,9,0,1.0,False,True,21.460501,12734,632,13366,988.1111111111111,9,6,0.6666666666666666,2,0.711212244298723,6.8631283442179365,0.5533470080958472,5,0.5555555555555556
kl_ckner_co_se,Klöckner & Co SE,Klöckner & Co SE,2023,C:\Universita\TESI\esg_agent\RAG_full\marker_artifacts\kl_ckner_co_se\2023\focused\kl_ckner_co_se_2023_taxonomy_focused.md,ok,,,False,12,0.5,0.5,17,6,6,0.183867,0.364909,21.960379,23.947723,6,0,1.0,False,True,21.960378,9862,666,10528,1214.0,6,12,2.0,7,0.592899372180303,5.03535059094429,0.5434639602899551,2,0.3333333333333333
leg_immobilien_se,LEG Immobilien SE,LEG Immobilien SE,2023,C:\Universita\TESI\esg_agent\RAG_full\marker_artifacts\leg_immobilien_se\2023\focused\leg_immobilien_se_2023_taxonomy_focused.md,ok,,,False,12,0.5,0.5,17,8,8,0.17228,0.367239,21.082163,23.481118,8,0,1.0,False,True,21.082164,12704,1355,14059,1170.375,8,20,2.5,6,0.45050722174346447,5.714529067277908,0.5574234649538994,5,0.625
e_on_se,E.ON SE,E.ON SE,2023,C:\Universita\TESI\esg_agent\RAG_full\marker_artifacts\e_on_se\2023\focused\e_on_se_2023_taxonomy_focused.md,ok,,,False,12,0.5,0.5,17,8,8,0.125861,0.417303,20.702566,23.313582,8,0,1.0,False,True,20.702566,12348,1745,14093,1124.25,8,43,5.375,13,0.41531570348888636,4.871182799339294,0.5781028717756271,4,0.5
secunet_security_networks_ag,secunet Security Networks AG,secunet Security Networks AG,2023,C:\Universita\TESI\esg_agent\RAG_full\marker_artifacts\secunet_security_networks_ag\2023\focused\secunet_security_networks_ag_2023_taxonomy_focused.md,ok,,,False,12,0.5,0.5,17,8,8,0.197023,0.430508,20.798364,23.243099,8,0,1.0,False,True,20.798365,12345,1283,13628,1111.125,8,18,2.25,6,0.6045172736048698,4.346597790718079,0.5173293091356754,5,0.625
lenzing_ag,Lenzing AG,Lenzing AG,2023,C:\Universita\TESI\esg_agent\RAG_full\marker_artifacts\lenzing_ag\2023\focused\lenzing_ag_2023_taxonomy_focused.md,ok,,,False,12,0.5,0.5,17,7,7,0.175375,0.399414,20.437949,22.839762,7,0,1.0,False,True,20.437948,11502,1413,12915,1217.0,7,26,3.7142857142857144,10,0.5978909645761762,5.255874395370483,0.6127588748931885,4,0.5714285714285714
heineken_holding_n_v,HEINEKEN HOLDING N.V.,HEINEKEN HOLDING N.V.,2024,C:\Universita\TESI\esg_agent\RAG_full\marker_artifacts\heineken_holding_n_v\2024\focused\heineken_holding_n_v_2024_taxonomy_focused.md,ok,,,False,12,0.5,0.5,17,4,4,0.163017,0.394878,21.189186,22.627068,4,0,1.0,False,True,21.189186,6379,654,7033,1153.5,4,10,2.5,10,0.6105742007493973,4.708937771618366,0.514250785112381,1,0.25
fresenius_se_co_kgaa,Fresenius SE & Co. KGaA,Fresenius SE & Co. KGaA,2023,C:\Universita\TESI\esg_agent\RAG_full\marker_artifacts\fresenius_se_co_kgaa\2023\focused\fresenius_se_co_kgaa_2023_taxonomy_focused.md,ok,,,False,12,0.5,0.5,17,8,8,0.164849,0.37926,20.094611,22.577244,8,0,1.0,False,True,20.094611,11790,864,12654,1034.0,8,13,1.625,5,0.5487103327177465,7.250906214118004,0.5530527718365192,3,0.375
elmos_semiconductor_se,Elmos Semiconductor SE,Elmos Semiconductor SE,2023,C:\Universita\TESI\esg_agent\RAG_full\marker_artifacts\elmos_semiconductor_se\2023\focused\elmos_semiconductor_se_2023_taxonomy_focused.md,ok,,,False,12,0.5,0.5,17,9,9,0.142765,0.474811,19.767635,22.432211,9,0,1.0,False,True,19.767637,14276,726,15002,1153.5555555555557,9,8,0.8888888888888888,2,0.5544511146015592,6.130845295058356,0.5143191185262468,4,0.4444444444444444
mtu_aero_engines_ag,MTU Aero Engines AG,MTU Aero Engines AG,2023,C:\Universita\TESI\esg_agent\RAG_full\marker_artifacts\mtu_aero_engines_ag\2023\focused\mtu_aero_engines_ag_2023_taxonomy_focused.md,ok,,,False,12,0.5,0.5,17,8,8,0.162796,1.181318,19.087562,22.314883,8,0,1.0,False,True,19.087562000000002,11021,1394,12415,941.625,8,23,2.875,8,0.6128104738891125,5.5165630877017975,0.5756420195102692,4,0.5
technotrans_se,technotrans SE,technotrans SE,2023,C:\Universita\TESI\esg_agent\RAG_full\marker_artifacts\technotrans_se\2023\focused\technotrans_se_2023_taxonomy_focused.md,ok,,,False,12,0.5,0.5,17,8,8,0.177163,0.378964,19.919104,22.313467,8,0,1.0,False,True,19.919104,12744,1533,14277,1170.25,8,22,2.75,7,0.5687903007492423,5.849483832716942,0.5312685333192348,5,0.625
salzgitter_ag,Salzgitter AG,Salzgitter AG,2023,C:\Universita\TESI\esg_agent\RAG_full\marker_artifacts\salzgitter_ag\2023\focused\salzgitter_ag_2023_taxonomy_focused.md,ok,,,False,12,0.5,0.5,17,9,9,0.183052,0.430712,19.500106,22.215089,9,0,1.0,False,True,19.500106,13314,809,14123,1045.888888888889,9,9,1.0,3,0.6693853860100111,4.264117797215779,0.5363023777802786,3,0.3333333333333333
shell_plc,SHELL PLC,SHELL PLC,2024,C:\Universita\TESI\esg_agent\RAG_full\marker_artifacts\shell_plc\2024\focused\shell_plc_2024_taxonomy_focused.md,ok,,,False,12,0.5,0.5,17,8,8,0.155315,0.400264,19.718987,22.008167,8,0,1.0,False,True,19.718986,12009,2262,14271,1094.625,8,58,7.25,18,0.6087771765887737,4.635638862848282,0.5922328606247902,5,0.625
cie_automotive_s_a,"CIE Automotive, S.A.","CIE Automotive, S.A.",2023,C:\Universita\TESI\esg_agent\RAG_full\marker_artifacts\cie_automotive_s_a\2023\focused\cie_automotive_s_a_2023_taxonomy_focused.md,ok,,,False,12,0.5,0.5,17,6,6,0.171943,0.412202,19.676528,21.799775,6,0,1.0,False,True,19.676527,9648,285,9933,1174.5,6,3,0.5,2,0.5309300323327383,6.068653213481109,0.4775756001472473,2,0.3333333333333333
psi_software_se,PSI Software SE,PSI Software SE,2023,C:\Universita\TESI\esg_agent\RAG_full\marker_artifacts\psi_software_se\2023\focused\psi_software_se_2023_taxonomy_focused.md,ok,,,False,12,0.5,0.5,17,5,5,0.177305,0.519828,19.764806,21.608461,5,0,1.0,False,True,19.764806,7387,621,8008,1047.8,5,5,1.0,2,0.6303989171981812,5.261209177970886,0.6111477553844452,3,0.6
adidas_ag,adidas AG,adidas AG,2023,C:\Universita\TESI\esg_agent\RAG_full\marker_artifacts\adidas_ag\2023\focused\adidas_ag_2023_taxonomy_focused.md,ok,,,False,12,0.5,0.5,17,9,9,0.031709,0.315685,19.286679,21.542128,9,0,1.0,False,True,19.286679,13228,927,14155,1033.888888888889,9,9,1.0,6,0.47170633263885975,6.231192840470208,0.5259639322757721,2,0.2222222222222222
do_co_ag,DO & CO AG,DO & CO AG,2023,C:\Universita\TESI\esg_agent\RAG_full\marker_artifacts\do_co_ag\2023\focused\do_co_ag_2023_taxonomy_focused.md,ok,,,False,12,0.5,0.5,17,8,8,0.047161,0.366732,19.23673,21.490158,8,0,1.0,False,True,19.236729,11997,919,12916,1071.125,8,13,1.625,8,0.6003407128155231,6.305518493056297,0.5431975200772285,3,0.375
vossloh_ag,Vossloh AG,Vossloh AG,2023,C:\Universita\TESI\esg_agent\RAG_full\marker_artifacts\vossloh_ag\2023\focused\vossloh_ag_2023_taxonomy_focused.md,ok,,,False,12,0.5,0.5,17,4,4,0.087929,0.454971,19.502863,20.995231,4,0,1.0,False,True,19.502864,6916,548,7464,1292.25,4,12,3.0,6,0.521563246846199,4.03276389837265,0.5596854463219643,2,0.5
amag_austria_metall_ag,AMAG Austria Metall AG,AMAG Austria Metall AG,2023,C:\Universita\TESI\esg_agent\RAG_full\marker_artifacts\amag_austria_metall_ag\2023\focused\amag_austria_metall_ag_2023_taxonomy_focused.md,ok,,,False,12,0.5,0.5,17,5,5,0.176023,0.427838,18.90808,20.784343,5,0,1.0,False,True,18.908079999999998,8159,423,8582,1209.4,5,5,1.0,3,0.5526703298091888,6.576474916934967,0.5469640612602233,2,0.4
pva_tepla_ag,PVA TePla AG,PVA TePla AG,2023,C:\Universita\TESI\esg_agent\RAG_full\marker_artifacts\pva_tepla_ag\2023\focused\pva_tepla_ag_2023_taxonomy_focused.md,ok,,,False,12,0.5,0.5,17,7,7,0.079082,0.322878,18.784342,20.728821,7,0,1.0,False,True,18.784342,11065,1491,12556,1152.4285714285713,7,24,3.4285714285714284,9,0.5264338978699276,5.444304432187762,0.5139120263712746,4,0.5714285714285714
washtec_ag,WashTec AG,WashTec AG,2023,C:\Universita\TESI\esg_agent\RAG_full\marker_artifacts\washtec_ag\2023\focused\washtec_ag_2023_taxonomy_focused.md,ok,,,False,12,0.5,0.5,17,8,8,0.155693,0.386479,18.194263,20.582228,8,0,1.0,False,True,18.194263,11864,854,12718,1056.625,8,8,1.0,4,0.668508842587471,5.3849306046031415,0.5739510916173458,5,0.625
takkt_ag,TAKKT AG,TAKKT AG,2023,C:\Universita\TESI\esg_agent\RAG_full\marker_artifacts\takkt_ag\2023\focused\takkt_ag_2023_taxonomy_focused.md,ok,,,False,12,0.5,0.5,17,5,5,0.127356,0.350299,18.705353,20.493873,5,0,1.0,False,True,18.705354,6036,365,6401,778.8,5,6,1.2,6,0.442223147302866,5.118038511276245,0.43044018745422363,1,0.2
viscom_se,Viscom SE,Viscom SE,2023,C:\Universita\TESI\esg_agent\RAG_full\marker_artifacts\viscom_se\2023\focused\viscom_se_2023_taxonomy_focused.md,ok,,,False,12,0.5,0.5,17,7,7,0.163543,0.544901,17.544987,19.970226,7,0,1.0,False,True,17.544988,10587,1025,11612,1082.5714285714287,7,13,1.8571428571428572,6,0.5874214683260236,5.941027743475778,0.5589027958256858,3,0.42857142857142855
andritz_ag,Andritz AG,Andritz AG,2023,C:\Universita\TESI\esg_agent\RAG_full\marker_artifacts\andritz_ag\2023\focused\andritz_ag_2023_taxonomy_focused.md,ok,,,False,12,0.5,0.5,17,7,7,0.150453,0.443903,17.588491,19.912382,7,0,1.0,False,True,17.588491,11165,1181,12346,1173.2857142857142,7,22,3.142857142857143,7,0.6364350744656154,4.265294279370989,0.5529405134064811,6,0.8571428571428571
sap_se,SAP SE,SAP SE,2023,C:\Universita\TESI\esg_agent\RAG_full\marker_artifacts\sap_se\2023\focused\sap_se_2023_taxonomy_focused.md,ok,,,False,12,0.5,0.5,17,7,7,0.059526,0.34746,17.477077,19.457339,7,0,1.0,False,True,17.477076,11074,611,11685,1148.0,7,7,1.0,2,0.6383947219167437,4.069777454648699,0.5328136810234615,6,0.8571428571428571
azkoyen_s_a,"Azkoyen, S.A.","Azkoyen, S.A.",2023,C:\Universita\TESI\esg_agent\RAG_full\marker_artifacts\azkoyen_s_a\2023\focused\azkoyen_s_a_2023_taxonomy_focused.md,ok,,,False,12,0.5,0.5,17,8,8,0.153486,0.380196,16.868082,19.448449,8,0,1.0,False,True,16.868082,12197,692,12889,1122.125,8,11,1.375,5,0.5897165033966303,5.670086793601513,0.5511006861925125,3,0.375
minor_hotels_europe_americas_s_a,"Minor Hotels Europe & Americas, S.A.","Minor Hotels Europe & Americas, S.A.",2023,C:\Universita\TESI\esg_agent\RAG_full\marker_artifacts\minor_hotels_europe_americas_s_a\2023\focused\minor_hotels_europe_americas_s_a_2023_taxonomy_focused.md,ok,,,False,12,0.5,0.5,17,8,8,0.116642,0.374802,16.734857,19.191786,8,0,1.0,False,True,16.734856,11256,1152,12408,974.875,8,16,2.0,9,0.621083214879036,7.114069551229477,0.5160541441291571,3,0.375
corporacion_financiera_alba_s_a,"Corporacion Financiera Alba, S.A.","Corporacion Financiera Alba, S.A.",2023,C:\Universita\TESI\esg_agent\RAG_full\marker_artifacts\corporacion_financiera_alba_s_a\2023\focused\corporacion_financiera_alba_s_a_2023_taxonomy_focused.md,ok,,,False,12,0.5,0.5,17,8,8,0.191275,0.358175,16.384295,18.998721,8,0,1.0,False,True,16.384294,11088,515,11603,949.75,8,4,0.5,2,0.5446832124143839,7.293485343456268,0.5802709944546223,3,0.375
a_p_moller_maersk_a_s,A P MOLLER-MAERSK A/S,A P MOLLER-MAERSK A/S,2024,C:\Universita\TESI\esg_agent\RAG_full\marker_artifacts\a_p_moller_maersk_a_s\2024\focused\a_p_moller_maersk_a_s_2024_taxonomy_focused.md,ok,,,False,12,0.5,0.5,17,7,7,0.026161,0.690172,16.689545,18.88923,7,0,1.0,False,True,16.689545,10780,893,11673,1108.142857142857,7,18,2.5714285714285716,8,0.6512246429920197,5.752245630536761,0.5250181470598493,3,0.42857142857142855
sartorius_ag_vz,Sartorius AG Vz,Sartorius AG Vz,2023,C:\Universita\TESI\esg_agent\RAG_full\marker_artifacts\sartorius_ag_vz\2023\focused\sartorius_ag_vz_2023_taxonomy_focused.md,ok,,,False,12,0.5,0.5,17,7,7,0.128633,0.429184,16.579113,18.766164,7,0,1.0,False,True,16.579112,9618,1113,10731,938.0,7,16,2.2857142857142856,6,0.56363816346441,3.863877671105521,0.5756530676569257,4,0.5714285714285714
mercedes_benz_group_ag,MERCEDES-BENZ GROUP AG,MERCEDES-BENZ GROUP AG,2024,C:\Universita\TESI\esg_agent\RAG_full\marker_artifacts\mercedes_benz_group_ag\2024\focused\mercedes_benz_group_ag_2024_taxonomy_focused.md,ok,,,False,12,0.5,0.5,17,8,8,0.193586,0.373431,16.123481,18.437938,8,0,1.0,False,True,16.123481,12577,933,13510,1120.625,8,14,1.75,5,0.7066749334335327,4.098582491278648,0.5427923239767551,5,0.625
mister_spex_se,Mister Spex SE,Mister Spex SE,2023,C:\Universita\TESI\esg_agent\RAG_full\marker_artifacts\mister_spex_se\2023\focused\mister_spex_se_2023_taxonomy_focused.md,ok,,,False,12,0.5,0.5,17,8,8,0.172977,0.385041,15.821195,18.181805,8,0,1.0,False,True,15.821194,12316,335,12651,1111.375,8,3,0.375,1,0.4796461705118418,5.734598159790039,0.44401128217577934,3,0.375
galp_energia_sgps_s_a,GALP ENERGIA SGPS S.A.,GALP ENERGIA SGPS S.A.,2024,C:\Universita\TESI\esg_agent\RAG_full\marker_artifacts\galp_energia_sgps_s_a\2024\focused\galp_energia_sgps_s_a_2024_taxonomy_focused.md,ok,,,False,12,0.5,0.5,17,7,7,0.186913,0.40938,16.070239,18.179149,7,0,1.0,False,True,16.070238,9467,1258,10725,918.7142857142857,7,30,4.285714285714286,10,0.6010244797383036,5.373409786394665,0.5562574395111629,3,0.42857142857142855
ringmetall_se_na_o_n,RINGMETALL SE  NA O.N.,RINGMETALL SE  NA O.N.,2023,C:\Universita\TESI\esg_agent\RAG_full\marker_artifacts\ringmetall_se_na_o_n\2023\focused\ringmetall_se_na_o_n_2023_taxonomy_focused.md,ok,,,False,12,0.5,0.5,17,7,7,0.150286,0.430759,15.716362,17.922863,7,0,1.0,False,True,15.716363,10793,602,11395,1103.142857142857,7,8,1.1428571428571428,3,0.5501531490257808,4.022098575319562,0.47100753017834257,3,0.42857142857142855
novo_nordisk_a_s,NOVO NORDISK A/S,NOVO NORDISK A/S,2024,C:\Universita\TESI\esg_agent\RAG_full\marker_artifacts\novo_nordisk_a_s\2024\focused\novo_nordisk_a_s_2024_taxonomy_focused.md,ok,,,False,12,0.5,0.5,17,4,4,0.167765,0.408856,16.376198,17.85586,4,0,1.0,False,True,16.376196999999998,7047,312,7359,1321.75,4,5,1.25,3,0.4910936653614044,8.407821238040924,0.4945254772901535,2,0.5
vonovia_se,Vonovia SE,Vonovia SE,2023,C:\Universita\TESI\esg_agent\RAG_full\marker_artifacts\vonovia_se\2023\focused\vonovia_se_2023_taxonomy_focused.md,ok,,,False,12,0.5,0.5,17,7,7,0.174235,0.42137,15.437667,17.714779,7,0,1.0,False,True,15.437668,10814,708,11522,1114.0,7,12,1.7142857142857142,7,0.4903315070550889,5.2531368391854425,0.5670341040406909,3,0.42857142857142855
koenig_bauer_ag,Koenig & Bauer AG,Koenig & Bauer AG,2023,C:\Universita\TESI\esg_agent\RAG_full\marker_artifacts\koenig_bauer_ag\2023\focused\koenig_bauer_ag_2023_taxonomy_focused.md,ok,,,False,12,0.5,0.5,17,7,7,0.15727,0.415465,15.343504,17.599492,7,0,1.0,False,True,15.343505,11296,537,11833,1178.4285714285713,7,6,0.8571428571428571,3,0.5127256895814624,3.2729438032422746,0.5516803009169442,3,0.42857142857142855
cewe_stiftung_co_kgaa,CEWE Stiftung & Co. KGaA,CEWE Stiftung & Co. KGaA,2023,C:\Universita\TESI\esg_agent\RAG_full\marker_artifacts\cewe_stiftung_co_kgaa\2023\focused\cewe_stiftung_co_kgaa_2023_taxonomy_focused.md,ok,,,False,12,0.5,0.5,17,7,7,0.156437,0.406879,15.178991,17.546749,7,0,1.0,False,True,15.178992,10943,589,11532,1124.5714285714287,7,9,1.2857142857142858,5,0.5605791594300952,5.546118872506278,0.5552740437643868,2,0.2857142857142857
asml_holding_n_v,ASML HOLDING N.V.,ASML HOLDING N.V.,2024,C:\Universita\TESI\esg_agent\RAG_full\marker_artifacts\asml_holding_n_v\2024\focused\asml_holding_n_v_2024_taxonomy_focused.md,ok,,,False,12,0.5,0.5,17,5,5,0.162608,0.358725,15.563005,17.200676,5,0,1.0,False,True,15.563006,8816,857,9673,1334.2,5,17,3.4,8,0.566744937747717,5.999259829521179,0.5538627743721009,3,0.6
stratec_se,STRATEC SE,STRATEC SE,2023,C:\Universita\TESI\esg_agent\RAG_full\marker_artifacts\stratec_se\2023\focused\stratec_se_2023_taxonomy_focused.md,ok,,,False,12,0.5,0.5,17,7,7,0.178676,0.363387,15.045214,17.197719,7,0,1.0,False,True,15.045214000000001,9801,701,10502,961.2857142857143,7,14,2.0,6,0.7688563295773098,4.396655150822231,0.6026145560400826,3,0.42857142857142855
audax_renovables_s_a,"Audax Renovables, S.A.","Audax Renovables, S.A.",2023,C:\Universita\TESI\esg_agent\RAG_full\marker_artifacts\audax_renovables_s_a\2023\focused\audax_renovables_s_a_2023_taxonomy_focused.md,ok,,,False,12,0.5,0.5,17,7,7,0.167291,0.445631,14.876168,17.164244,7,0,1.0,False,True,14.876168,10136,730,10866,1018.1428571428571,7,8,1.1428571428571428,4,0.5551534124783107,4.461600797516959,0.5244727219854083,2,0.2857142857142857
mbb_se,MBB SE,MBB SE,2023,C:\Universita\TESI\esg_agent\RAG_full\marker_artifacts\mbb_se\2023\focused\mbb_se_2023_taxonomy_focused.md,ok,,,False,12,0.5,0.5,17,6,6,0.184959,0.456599,14.842818,16.901804,6,0,1.0,False,True,14.842818,9427,941,10368,1136.1666666666667,6,24,4.0,6,0.6191174996395906,5.704124589761098,0.5398591955502828,4,0.6666666666666666
verbund_ag,VERBUND AG,VERBUND AG,2024,C:\Universita\TESI\esg_agent\RAG_full\marker_artifacts\verbund_ag\2024\focused\verbund_ag_2024_taxonomy_focused.md,ok,,,False,12,0.5,0.5,17,5,5,0.153962,0.369711,15.07013,16.693446,5,0,1.0,False,True,15.070129999999999,8043,2008,10051,1164.4,5,37,7.4,10,0.448885577917099,2.561291551589966,0.6007428169250488,5,1.0
christian_dior,CHRISTIAN DIOR,CHRISTIAN DIOR,2024,C:\Universita\TESI\esg_agent\RAG_full\marker_artifacts\christian_dior\2024\focused\christian_dior_2024_taxonomy_focused.md,ok,,,False,12,0.5,0.5,17,4,4,0.226338,0.397864,15.056371,16.599923,4,0,1.0,False,True,15.056370000000001,6439,1176,7615,1251.25,4,19,4.75,13,0.5895106345415115,4.98972936719656,0.570313461124897,2,0.5
palfinger_ag,Palfinger AG,Palfinger AG,2023,C:\Universita\TESI\esg_agent\RAG_full\marker_artifacts\palfinger_ag\2023\focused\palfinger_ag_2023_taxonomy_focused.md,ok,,,False,12,0.5,0.5,17,5,5,0.148837,0.396416,14.645492,16.516974,5,0,1.0,False,True,14.645491,9120,1164,10284,1395.0,5,17,3.4,7,0.5759919226169586,5.954582738876343,0.5617199182510376,3,0.6
nemetschek_se,Nemetschek SE,Nemetschek SE,2023,C:\Universita\TESI\esg_agent\RAG_full\marker_artifacts\nemetschek_se\2023\focused\nemetschek_se_2023_taxonomy_focused.md,ok,,,False,12,0.5,0.5,17,5,5,0.168607,0.508615,14.644125,16.509254,5,0,1.0,False,True,14.644125,8550,253,8803,1282.2,5,0,0.0,0,0.5422140173614025,6.346020841598511,0.48386589884757997,0,0.0
continental_ag,Continental AG,Continental AG,2023,C:\Universita\TESI\esg_agent\RAG_full\marker_artifacts\continental_ag\2023\focused\continental_ag_2023_taxonomy_focused.md,ok,,,False,12,0.5,0.5,17,5,5,0.229104,0.406833,14.419127,16.400363,5,0,1.0,False,True,14.419126,7365,231,7596,1042.0,5,3,0.6,3,0.6744185805320739,5.522271823883057,0.555036062002182,1,0.2
iberdrola_sa,IBERDROLA SA,IBERDROLA SA,2024,C:\Universita\TESI\esg_agent\RAG_full\marker_artifacts\iberdrola_sa\2024\focused\iberdrola_sa_2024_taxonomy_focused.md,ok,,,False,12,0.5,0.5,17,6,6,0.064036,0.396985,14.333896,16.090684,6,0,1.0,False,True,14.333896,8528,1810,10338,988.8333333333334,6,33,5.5,10,0.6777087946732839,4.2422044811149435,0.6156495114167532,5,0.8333333333333334
syzygy_ag,Syzygy AG,Syzygy AG,2023,C:\Universita\TESI\esg_agent\RAG_full\marker_artifacts\syzygy_ag\2023\focused\syzygy_ag_2023_taxonomy_focused.md,ok,,,False,12,0.5,0.5,17,6,6,0.15277,0.37527,14.022575,15.972084,6,0,1.0,False,True,14.022576,7832,640,8472,875.5,6,5,0.8333333333333334,3,0.5441380242506663,5.917213459809621,0.5368401308854421,2,0.3333333333333333
warimpex_finanz_und_bet_ag,Warimpex Finanz- und Bet. AG,Warimpex Finanz- und Bet. AG,2023,C:\Universita\TESI\esg_agent\RAG_full\marker_artifacts\warimpex_finanz_und_bet_ag\2023\focused\warimpex_finanz_und_bet_ag_2023_taxonomy_focused.md,ok,,,False,12,0.5,0.5,17,4,4,0.189556,0.386894,14.079429,15.657407,4,0,1.0,False,True,14.079429,7303,292,7595,1381.75,4,3,0.75,2,0.5137478411197662,4.713222146034241,0.5671619325876236,2,0.5
sgl_carbon_se,SGL Carbon SE,SGL Carbon SE,2023,C:\Universita\TESI\esg_agent\RAG_full\marker_artifacts\sgl_carbon_se\2023\focused\sgl_carbon_se_2023_taxonomy_focused.md,ok,,,False,12,0.5,0.5,17,7,7,0.172073,0.379345,13.412853,15.596019,7,0,1.0,False,True,13.412854,10914,490,11404,1127.142857142857,7,11,1.5714285714285714,4,0.5716441358838763,4.712575674057007,0.531963416508266,3,0.42857142857142855
pne_ag,PNE AG,PNE AG,2023,C:\Universita\TESI\esg_agent\RAG_full\marker_artifacts\pne_ag\2023\focused\pne_ag_2023_taxonomy_focused.md,ok,,,False,12,0.5,0.5,17,7,7,0.081323,0.32557,13.454769,15.471914,7,0,1.0,False,True,13.45477,10330,755,11085,1051.7142857142858,7,14,2.0,5,0.6243259906768799,6.272165605000088,0.5181595470224108,3,0.42857142857142855
hella_gmbh_co_kgaa,HELLA GmbH & Co. KGaA,HELLA GmbH & Co. KGaA,2023,C:\Universita\TESI\esg_agent\RAG_full\marker_artifacts\hella_gmbh_co_kgaa\2023\focused\hella_gmbh_co_kgaa_2023_taxonomy_focused.md,ok,,,False,12,0.5,0.5,17,6,6,0.148704,0.356302,13.143725,15.13973,6,0,1.0,False,True,13.143725,9035,930,9965,1064.6666666666667,6,15,2.5,9,0.6241554419199625,5.069121956825256,0.6032679378986359,4,0.6666666666666666
hamburger_hafen_und_logistik_ag,Hamburger Hafen und Logistik AG,Hamburger Hafen und Logistik AG,2023,C:\Universita\TESI\esg_agent\RAG_full\marker_artifacts\hamburger_hafen_und_logistik_ag\2023\focused\hamburger_hafen_und_logistik_ag_2023_taxonomy_focused.md,ok,,,False,12,0.5,0.5,17,3,3,0.209714,0.365708,13.503079,14.9505,3,0,1.0,False,True,13.503078,4622,322,4944,1100.0,3,2,0.6666666666666666,1,0.4989408552646637,4.009353399276733,0.5652143657207489,2,0.6666666666666666
suss_microtec_se,SUSS MicroTec SE,SUSS MicroTec SE,2023,C:\Universita\TESI\esg_agent\RAG_full\marker_artifacts\suss_microtec_se\2023\focused\suss_microtec_se_2023_taxonomy_focused.md,ok,,,False,12,0.5,0.5,17,6,6,0.150857,0.353115,13.058378,14.946977,6,0,1.0,False,True,13.058378,9089,594,9683,1082.0,6,11,1.8333333333333333,5,0.6120415851473808,6.39096478621165,0.5973874628543854,3,0.5
arcelormittal_sa,ARCELORMITTAL SA,ARCELORMITTAL SA,2024,C:\Universita\TESI\esg_agent\RAG_full\marker_artifacts\arcelormittal_sa\2024\focused\arcelormittal_sa_2024_taxonomy_focused.md,ok,,,False,12,0.5,0.5,17,5,5,0.139191,0.345775,13.249593,14.848953,5,0,1.0,False,True,13.249593,8105,974,9079,1191.4,5,16,3.2,6,0.5150178343057632,3.8013206243515016,0.5977122783660889,3,0.6
flughafen_wien_ag,Flughafen Wien AG,Flughafen Wien AG,2023,C:\Universita\TESI\esg_agent\RAG_full\marker_artifacts\flughafen_wien_ag\2023\focused\flughafen_wien_ag_2023_taxonomy_focused.md,ok,,,False,12,0.5,0.5,17,3,3,0.156029,0.390206,13.450966,14.780883,3,0,1.0,False,True,13.450965999999998,4159,483,4642,961.3333333333334,3,7,2.3333333333333335,6,0.4353218972682953,5.052252133687337,0.4671197334925334,2,0.6666666666666666
ackermans_van_haaren,Ackermans & van Haaren,Ackermans & van Haaren,2023,C:\Universita\TESI\esg_agent\RAG_full\marker_artifacts\ackermans_van_haaren\2023\focused\ackermans_van_haaren_2023_taxonomy_focused.md,ok,,,False,12,0.5,0.5,17,5,5,0.031303,0.291115,13.009642,14.412655,5,0,1.0,False,True,13.009642999999999,7704,786,8490,1103.2,5,19,3.8,10,0.5317442268133163,6.5164172649383545,0.5728148937225341,2,0.4
westwing_group_se,Westwing Group SE,Westwing Group SE,2023,C:\Universita\TESI\esg_agent\RAG_full\marker_artifacts\westwing_group_se\2023\focused\westwing_group_se_2023_taxonomy_focused.md,ok,,,False,12,0.5,0.5,17,6,6,0.169238,0.345186,12.453544,14.331265,6,0,1.0,False,True,12.453545,9043,301,9344,1079.5,6,4,0.6666666666666666,2,0.671341747045517,4.357346375783284,0.5157108182708422,3,0.5
tubos_reunidos,Tubos Reunidos,Tubos Reunidos,2023,C:\Universita\TESI\esg_agent\RAG_full\marker_artifacts\tubos_reunidos\2023\focused\tubos_reunidos_2023_taxonomy_focused.md,ok,,,False,12,0.5,0.5,17,3,3,0.224134,0.345255,13.050569,14.281221,3,0,1.0,False,True,13.050569,4144,111,4255,950.0,3,0,0.0,0,0.47217971086502075,2.3518843948841095,0.3524464468161265,0,0.0
famicord_ag,FamiCord AG,FamiCord AG,2023,C:\Universita\TESI\esg_agent\RAG_full\marker_artifacts\famicord_ag\2023\focused\famicord_ag_2023_taxonomy_focused.md,ok,,,False,12,0.5,0.5,17,3,3,0.140388,0.795632,12.267301,13.896343,3,0,1.0,False,True,12.267301,4047,108,4155,908.6666666666666,3,0,0.0,0,0.5003138979276022,5.409285386403401,0.5550089677174886,0,0.0
jeronimo_martins_sgps_s_a,JERONIMO MARTINS SGPS S.A.,JERONIMO MARTINS SGPS S.A.,2024,C:\Universita\TESI\esg_agent\RAG_full\marker_artifacts\jeronimo_martins_sgps_s_a\2024\focused\jeronimo_martins_sgps_s_a_2024_taxonomy_focused.md,ok,,,False,12,0.5,0.5,17,6,6,0.265356,0.396078,11.780536,13.786198,6,0,1.0,False,True,11.780536,9559,837,10396,1154.0,6,8,1.3333333333333333,5,0.5336807717879614,5.265703002611796,0.5367535750071207,2,0.3333333333333333
hugo_boss_ag,Hugo Boss AG,Hugo Boss AG,2023,C:\Universita\TESI\esg_agent\RAG_full\marker_artifacts\hugo_boss_ag\2023\focused\hugo_boss_ag_2023_taxonomy_focused.md,ok,,,False,12,0.5,0.5,17,6,6,0.152523,0.363009,11.732683,13.701173,6,0,1.0,False,True,11.732682,8977,228,9205,1064.8333333333333,6,0,0.0,0,0.5894549041986465,4.774030725161235,0.5238115688165029,0,0.0
endesa_s_a,"Endesa, S.A.","Endesa, S.A.",2023,C:\Universita\TESI\esg_agent\RAG_full\marker_artifacts\endesa_s_a\2023\focused\endesa_s_a_2023_taxonomy_focused.md,ok,,,False,12,0.5,0.5,17,4,4,0.093186,0.438794,11.927116,13.654701,4,0,1.0,False,True,11.927116999999999,5837,750,6587,1031.75,4,15,3.75,15,0.4295041933655739,3.9080890417099,0.4934576377272606,1,0.25
siltronic_ag,Siltronic AG,Siltronic AG,2023,C:\Universita\TESI\esg_agent\RAG_full\marker_artifacts\siltronic_ag\2023\focused\siltronic_ag_2023_taxonomy_focused.md,ok,,,False,12,0.5,0.5,17,6,6,0.189882,0.38033,11.523461,13.50028,6,0,1.0,False,True,11.52346,10008,614,10622,1243.0,6,5,0.8333333333333334,3,0.45055484771728516,5.285969535509746,0.5665214906136194,2,0.3333333333333333
dassault_aviation,Dassault Aviation,Dassault Aviation,2023,C:\Universita\TESI\esg_agent\RAG_full\marker_artifacts\dassault_aviation\2023\focused\dassault_aviation_2023_taxonomy_focused.md,ok,,,False,12,0.5,0.5,17,5,5,0.170882,0.412869,11.443897,13.329938,5,0,1.0,False,True,11.443897,8032,344,8376,1184.2,5,2,0.4,1,0.5604572832584381,5.158958196640015,0.4976149439811707,2,0.4
mediclin_ag,MediClin AG,MediClin AG,2023,C:\Universita\TESI\esg_agent\RAG_full\marker_artifacts\mediclin_ag\2023\focused\mediclin_ag_2023_taxonomy_focused.md,ok,,,False,12,0.5,0.5,17,5,5,0.158481,0.369369,11.620203,13.303242,5,0,1.0,False,True,11.620203,8702,705,9407,1306.8,5,9,1.8,5,0.45772242546081543,4.49832673072815,0.5966716527938842,3,0.6
zalando_se,Zalando SE,Zalando SE,2023,C:\Universita\TESI\esg_agent\RAG_full\marker_artifacts\zalando_se\2023\focused\zalando_se_2023_taxonomy_focused.md,ok,,,False,12,0.5,0.5,17,3,3,0.119911,0.376454,11.73863,13.006974,3,0,1.0,False,True,11.73863,4401,202,4603,1031.6666666666667,3,2,0.6666666666666666,1,0.5362727840741476,4.7103389501571655,0.5870158076286316,2,0.6666666666666666
vodafone_group_plc,VODAFONE GROUP PLC,VODAFONE GROUP PLC,2024,C:\Universita\TESI\esg_agent\RAG_full\marker_artifacts\vodafone_group_plc\2024\focused\vodafone_group_plc_2024_taxonomy_focused.md,ok,,,False,12,0.5,0.5,17,6,6,0.158136,0.562422,10.88366,12.898301,6,0,1.0,False,True,10.883661,9138,417,9555,1099.1666666666667,6,7,1.1666666666666667,5,0.51569664478302,5.706620037555695,0.5197184532880783,3,0.5
ivu_traffic_technologies_ag,IVU Traffic Technologies AG,IVU Traffic Technologies AG,2023,C:\Universita\TESI\esg_agent\RAG_full\marker_artifacts\ivu_traffic_technologies_ag\2023\focused\ivu_traffic_technologies_ag_2023_taxonomy_focused.md,ok,,,False,12,0.5,0.5,17,5,5,0.161795,0.499809,10.79417,12.604164,5,0,1.0,False,True,10.794169,7774,637,8411,1123.4,5,3,0.6,2,0.5127066522836685,4.342650532722473,0.3954907417297363,2,0.4
industria_de_dise_o_textil_s_a,"Industria de Diseño Textil, S.A.","Industria de Diseño Textil, S.A.",2023,C:\Universita\TESI\esg_agent\RAG_full\marker_artifacts\industria_de_dise_o_textil_s_a\2023\focused\industria_de_dise_o_textil_s_a_2023_taxonomy_focused.md,ok,,,False,12,0.5,0.5,17,6,6,0.107426,0.34981,10.656218,12.600089,6,0,1.0,False,True,10.656217,7945,426,8371,880.0,6,4,0.6666666666666666,4,0.5229865461587906,4.527033011118571,0.6380510230859121,1,0.16666666666666666
ca_immobilien_anlagen_ag,CA Immobilien Anlagen AG,CA Immobilien Anlagen AG,2023,C:\Universita\TESI\esg_agent\RAG_full\marker_artifacts\ca_immobilien_anlagen_ag\2023\focused\ca_immobilien_anlagen_ag_2023_taxonomy_focused.md,ok,,,False,12,0.5,0.5,17,5,5,0.083511,0.417565,10.432043,12.148917,5,0,1.0,False,True,10.432043,7189,424,7613,1016.6,5,4,0.8,3,0.5839599251747132,4.173300170898438,0.4691860795021057,2,0.4
international_consolidated_airlines_group_s_a,INTERNATIONAL CONSOLIDATED AIRLINES GROUP S.A,INTERNATIONAL CONSOLIDATED AIRLINES GROUP S.A,2024,C:\Universita\TESI\esg_agent\RAG_full\marker_artifacts\international_consolidated_airlines_group_s_a\2024\focused\international_consolidated_airlines_group_s_a_2024_taxonomy_focused.md,ok,,,False,12,0.5,0.5,17,4,4,0.145644,0.417032,10.602118,12.063923,4,0,1.0,False,True,10.602118,6202,350,6552,1107.0,4,6,1.5,3,0.5867235735058784,5.002064019441605,0.542923592031002,3,0.75
deutz_ag,Deutz AG,Deutz AG,2023,C:\Universita\TESI\esg_agent\RAG_full\marker_artifacts\deutz_ag\2023\focused\deutz_ag_2023_taxonomy_focused.md,ok,,,False,12,0.5,0.5,17,5,5,0.09309,0.376439,10.299173,12.047149,5,0,1.0,False,True,10.299173,7625,566,8191,1095.6,5,11,2.2,8,0.45651335567235946,5.9182079315185545,0.6023506164550781,2,0.4
akzo_nobel_nv,AKZO NOBEL NV,AKZO NOBEL NV,2024,C:\Universita\TESI\esg_agent\RAG_full\marker_artifacts\akzo_nobel_nv\2024\focused\akzo_nobel_nv_2024_taxonomy_focused.md,ok,,,False,12,0.5,0.5,17,4,4,0.133332,0.345866,10.532566,11.876527,4,0,1.0,False,True,10.532566,5999,666,6665,1068.5,4,11,2.75,8,0.5160035640001297,5.670539945363998,0.5172830820083618,2,0.5
verbund_ag,VERBUND AG,VERBUND AG,2023,C:\Universita\TESI\esg_agent\RAG_full\marker_artifacts\verbund_ag\2023\focused\verbund_ag_2023_taxonomy_focused.md,ok,,,False,12,0.5,0.5,17,4,4,0.13254,0.341641,10.35428,11.87288,4,0,1.0,False,True,10.35428,6696,694,7390,1242.5,4,16,4.0,10,0.5004668328911066,3.5776326656341553,0.5848506093025208,2,0.5
schoeller_bleckmann_ag,SCHOELLER-BLECKMANN AG,SCHOELLER-BLECKMANN AG,2023,C:\Universita\TESI\esg_agent\RAG_full\marker_artifacts\schoeller_bleckmann_ag\2023\focused\schoeller_bleckmann_ag_2023_taxonomy_focused.md,ok,,,False,12,0.5,0.5,17,5,5,0.17912,0.34835,9.768429,11.438844,5,0,1.0,False,True,9.768429000000001,6354,302,6656,831.8,5,3,0.6,2,0.5401691675186158,5.956781101226807,0.5769099533557892,2,0.4
agrana_beteiligungs_ag,Agrana Beteiligungs-AG,Agrana Beteiligungs-AG,2023,C:\Universita\TESI\esg_agent\RAG_full\marker_artifacts\agrana_beteiligungs_ag\2023\focused\agrana_beteiligungs_ag_2023_taxonomy_focused.md,ok,,,False,12,0.5,0.5,17,5,5,0.021201,0.297303,10.022208,11.417635,5,0,1.0,False,True,10.022207,7962,170,8132,1172.0,5,0,0.0,0,0.5248420692980289,2.9351592540740965,0.3313390702009201,0,0.0
equinor_asa,EQUINOR ASA,EQUINOR ASA,2024,C:\Universita\TESI\esg_agent\RAG_full\marker_artifacts\equinor_asa\2024\focused\equinor_asa_2024_taxonomy_focused.md,ok,,,False,12,0.5,0.5,17,5,5,0.173435,0.346901,9.406005,11.023507,5,0,1.0,False,True,9.406006999999999,8075,505,8580,1185.6,5,10,2.0,3,0.6615149140357971,5.174220561981201,0.5329471886157989,4,0.8
bechtle_ag,Bechtle AG,Bechtle AG,2023,C:\Universita\TESI\esg_agent\RAG_full\marker_artifacts\bechtle_ag\2023\focused\bechtle_ag_2023_taxonomy_focused.md,ok,,,False,12,0.5,0.5,17,4,4,0.194809,0.365229,8.355075,9.916737,4,0,1.0,False,True,8.355075,6068,355,6423,1087.25,4,6,1.5,6,0.5258105546236038,3.872291997075081,0.4708210676908493,1,0.25
atoss_software_se,ATOSS Software SE,ATOSS Software SE,2023,C:\Universita\TESI\esg_agent\RAG_full\marker_artifacts\atoss_software_se\2023\focused\atoss_software_se_2023_taxonomy_focused.md,ok,,,False,12,0.5,0.5,17,4,4,0.206471,0.321925,7.35632,8.864531,4,0,1.0,False,True,7.356319,6423,532,6955,1180.0,4,8,2.0,6,0.6582547575235367,4.873054504394531,0.5507803857326508,2,0.5
teamviewer_se,TeamViewer SE,TeamViewer SE,2023,C:\Universita\TESI\esg_agent\RAG_full\marker_artifacts\teamviewer_se\2023\focused\teamviewer_se_2023_taxonomy_focused.md,ok,,,False,12,0.5,0.5,17,3,3,0.144169,0.350444,6.637509,7.906671,3,0,1.0,False,True,6.6375090000000005,4298,320,4618,1013.6666666666666,3,1,0.3333333333333333,1,0.5545990665753683,5.658877929051717,0.5669363538424174,1,0.3333333333333333
eckert_ziegler_se,Eckert & Ziegler SE,Eckert & Ziegler SE,2023,C:\Universita\TESI\esg_agent\RAG_full\marker_artifacts\eckert_ziegler_se\2023\focused\eckert_ziegler_se_2023_taxonomy_focused.md,ok,,,False,12,0.5,0.5,17,3,3,0.210592,0.380676,5.905223,7.266036,3,0,1.0,False,True,5.905223,4125,204,4329,941.6666666666666,3,3,1.0,3,0.541679302851359,5.7001657883326216,0.5200689435005188,1,0.3333333333333333
instone_real_estate_group,Instone Real Estate Group,Instone Real Estate Group,2023,C:\Universita\TESI\esg_agent\RAG_full\marker_artifacts\instone_real_estate_group\2023\focused\instone_real_estate_group_2023_taxonomy_focused.md,ok,,,False,12,0.5,0.5,17,3,3,0.099495,0.398075,4.316507,5.673137,3,0,1.0,False,True,4.316507,4333,99,4432,1009.6666666666666,3,0,0.0,0,0.6358226040999094,5.092628002166748,0.5774310827255249,0,0.0
