slug,company,company_name_full,report_year,source_md,chunk_index,n_chunks,start_page,end_page,chunk_tokens_est,prompt_tokens_est,elapsed_s,status,error_message,attempt_used,prompt_tokens_api,completion_tokens_api,total_tokens_api,n_activities_raw,n_rows_normalized
a_p_moller_maersk_a_s,A P MOLLER-MAERSK A/S,A P MOLLER-MAERSK A/S,2024,C:\Universita\TESI\esg_agent\RAG_full\marker_artifacts\a_p_moller_maersk_a_s\2024\focused\a_p_moller_maersk_a_s_2024_taxonomy_focused.md,1,1,95,101,7776,8207,4.884872,ok,,1,8132,419,8551,9,9
ab_volvo,AB VOLVO,AB VOLVO,2024,C:\Universita\TESI\esg_agent\RAG_full\marker_artifacts\ab_volvo\2024\focused\ab_volvo_2024_taxonomy_focused.md,1,1,163,169,7803,8218,2.733134,ok,,1,8009,178,8187,4,4
acs_actividades_de_construcci_n_y_servicios_s_a,"ACS, Actividades de Construcción y Servicios, S.A.","ACS, Actividades de Construcción y Servicios, S.A.",2023,C:\Universita\TESI\esg_agent\RAG_full\marker_artifacts\acs_actividades_de_construcci_n_y_servicios_s_a\2023\focused\acs_actividades_de_construcci_n_y_servicios_s_a_2023_taxonomy_focused.md,1,1,381,396,17944,18379,5.34171,ok,,1,18133,823,18956,21,21
aib_group_plc,AIB Group plc,AIB Group plc,2023,C:\Universita\TESI\esg_agent\RAG_full\marker_artifacts\aib_group_plc\2023\focused\aib_group_plc_2023_taxonomy_focused.md,1,1,65,333,21547,21964,4.959162,ok,,1,21930,406,22336,19,19
airbus_se,AIRBUS SE,AIRBUS SE,2024,C:\Universita\TESI\esg_agent\RAG_full\marker_artifacts\airbus_se\2024\focused\airbus_se_2024_taxonomy_focused.md,1,1,199,205,7241,7656,4.083679,ok,,1,7611,287,7898,5,5
akwel,AKWEL,AKWEL,2023,C:\Universita\TESI\esg_agent\RAG_full\marker_artifacts\akwel\2023\focused\akwel_2023_taxonomy_focused.md,1,1,92,101,10110,10525,4.467337,ok,,1,10502,273,10775,7,7
akzo_nobel_nv,AKZO NOBEL NV,AKZO NOBEL NV,2024,C:\Universita\TESI\esg_agent\RAG_full\marker_artifacts\akzo_nobel_nv\2024\focused\akzo_nobel_nv_2024_taxonomy_focused.md,1,1,49,55,4269,4688,38.892015,ok,,1,4677,403,5080,11,11
amag_austria_metall_ag,AMAG Austria Metall AG,AMAG Austria Metall AG,2023,C:\Universita\TESI\esg_agent\RAG_full\marker_artifacts\amag_austria_metall_ag\2023\focused\amag_austria_metall_ag_2023_taxonomy_focused.md,1,1,31,36,7300,7721,4.540702,ok,,1,7671,233,7904,3,3
arcelormittal_sa,ARCELORMITTAL SA,ARCELORMITTAL SA,2024,C:\Universita\TESI\esg_agent\RAG_full\marker_artifacts\arcelormittal_sa\2024\focused\arcelormittal_sa_2024_taxonomy_focused.md,1,1,63,69,6267,6688,4.025164,ok,,1,6671,396,7067,6,6
asml_holding_n_v,ASML HOLDING N.V.,ASML HOLDING N.V.,2024,C:\Universita\TESI\esg_agent\RAG_full\marker_artifacts\asml_holding_n_v\2024\focused\asml_holding_n_v_2024_taxonomy_focused.md,1,1,253,260,6297,6717,9.310152,ok,,1,6679,502,7181,11,11
atoss_software_se,ATOSS Software SE,ATOSS Software SE,2023,C:\Universita\TESI\esg_agent\RAG_full\marker_artifacts\atoss_software_se\2023\focused\atoss_software_se_2023_taxonomy_focused.md,1,1,97,105,4616,5033,42.846883,ok,,1,5023,484,5507,8,8
acerinox_s_a,Acerinox S.A.,Acerinox S.A.,2023,C:\Universita\TESI\esg_agent\RAG_full\marker_artifacts\acerinox_s_a\2023\focused\acerinox_s_a_2023_taxonomy_focused.md,1,1,52,278,21938,22357,3.840493,ok,,1,22229,238,22467,2,2
ackermans_van_haaren,Ackermans & van Haaren,Ackermans & van Haaren,2023,C:\Universita\TESI\esg_agent\RAG_full\marker_artifacts\ackermans_van_haaren\2023\focused\ackermans_van_haaren_2023_taxonomy_focused.md,1,1,95,99,6842,7265,5.471631,ok,,1,7277,641,7918,15,15
aena_s_m_e_s_a,"Aena S.M.E., S.A.","Aena S.M.E., S.A.",2023,C:\Universita\TESI\esg_agent\RAG_full\marker_artifacts\aena_s_m_e_s_a\2023\focused\aena_s_m_e_s_a_2023_taxonomy_focused.md,1,1,297,318,23242,23667,9.172336,ok,,1,23488,434,23922,12,12
agrana_beteiligungs_ag,Agrana Beteiligungs-AG,Agrana Beteiligungs-AG,2023,C:\Universita\TESI\esg_agent\RAG_full\marker_artifacts\agrana_beteiligungs_ag\2023\focused\agrana_beteiligungs_ag_2023_taxonomy_focused.md,1,1,59,67,5435,5862,63.432873,ok,,1,5780,34,5814,0,0
allianz_se,Allianz SE,Allianz SE,2023,C:\Universita\TESI\esg_agent\RAG_full\marker_artifacts\allianz_se\2023\focused\allianz_se_2023_taxonomy_focused.md,1,1,96,110,19037,19454,9.235074,ok,,1,19143,1117,20260,22,22
alzchem_group_ag,Alzchem Group AG,Alzchem Group AG,2023,C:\Universita\TESI\esg_agent\RAG_full\marker_artifacts\alzchem_group_ag\2023\focused\alzchem_group_ag_2023_taxonomy_focused.md,1,1,117,126,11951,12370,4.196147,ok,,1,12360,411,12771,11,11
andritz_ag,Andritz AG,Andritz AG,2023,C:\Universita\TESI\esg_agent\RAG_full\marker_artifacts\andritz_ag\2023\focused\andritz_ag_2023_taxonomy_focused.md,1,1,43,53,8010,8425,11.068179,ok,,1,8374,622,8996,10,10
audax_renovables_s_a,"Audax Renovables, S.A.","Audax Renovables, S.A.",2023,C:\Universita\TESI\esg_agent\RAG_full\marker_artifacts\audax_renovables_s_a\2023\focused\audax_renovables_s_a_2023_taxonomy_focused.md,1,1,146,225,7499,7924,4.810868,ok,,1,7879,252,8131,4,4
azkoyen_s_a,"Azkoyen, S.A.","Azkoyen, S.A.",2023,C:\Universita\TESI\esg_agent\RAG_full\marker_artifacts\azkoyen_s_a\2023\focused\azkoyen_s_a_2023_taxonomy_focused.md,1,1,235,241,8906,9329,7.830764,ok,,1,9046,327,9373,9,9
bawag_group_ag,BAWAG Group AG,BAWAG Group AG,2023,C:\Universita\TESI\esg_agent\RAG_full\marker_artifacts\bawag_group_ag\2023\focused\bawag_group_ag_2023_taxonomy_focused.md,1,2,338,349,25977,26396,4.035556,ok,,1,26486,33,26519,0,0
bawag_group_ag,BAWAG Group AG,BAWAG Group AG,2023,C:\Universita\TESI\esg_agent\RAG_full\marker_artifacts\bawag_group_ag\2023\focused\bawag_group_ag_2023_taxonomy_focused.md,2,2,350,359,8821,9240,40.104728,ok,,1,9163,497,9660,6,6
bmw_ag_vz,BMW AG Vz,BMW AG Vz,2023,C:\Universita\TESI\esg_agent\RAG_full\marker_artifacts\bmw_ag_vz\2023\focused\bmw_ag_vz_2023_taxonomy_focused.md,1,1,77,337,24153,24570,3.687085,ok,,1,24430,220,24650,3,3
banco_santander_s_a,"Banco Santander, S.A.","Banco Santander, S.A.",2023,C:\Universita\TESI\esg_agent\RAG_full\marker_artifacts\banco_santander_s_a\2023\focused\banco_santander_s_a_2023_taxonomy_focused.md,1,2,96,114,26731,27154,3.19318,ok,,1,27104,33,27137,0,0
banco_santander_s_a,"Banco Santander, S.A.","Banco Santander, S.A.",2023,C:\Universita\TESI\esg_agent\RAG_full\marker_artifacts\banco_santander_s_a\2023\focused\banco_santander_s_a_2023_taxonomy_focused.md,2,2,115,128,18201,18624,65.127342,ok,,1,18537,515,19052,20,20
bayer_ag,Bayer AG,Bayer AG,2023,C:\Universita\TESI\esg_agent\RAG_full\marker_artifacts\bayer_ag\2023\focused\bayer_ag_2023_taxonomy_focused.md,1,1,66,77,9638,10053,4.520461,ok,,1,10051,337,10388,8,8
bechtle_ag,Bechtle AG,Bechtle AG,2023,C:\Universita\TESI\esg_agent\RAG_full\marker_artifacts\bechtle_ag\2023\focused\bechtle_ag_2023_taxonomy_focused.md,1,1,110,115,4086,4503,4.597351,ok,,1,4498,247,4745,7,6
beiersdorf_ag,Beiersdorf AG,Beiersdorf AG,2023,C:\Universita\TESI\esg_agent\RAG_full\marker_artifacts\beiersdorf_ag\2023\focused\beiersdorf_ag_2023_taxonomy_focused.md,1,1,128,135,7579,7996,6.348802,ok,,1,7976,550,8526,11,11
bike24_holding_ag,Bike24 Holding AG,Bike24 Holding AG,2023,C:\Universita\TESI\esg_agent\RAG_full\marker_artifacts\bike24_holding_ag\2023\focused\bike24_holding_ag_2023_taxonomy_focused.md,1,1,77,88,8567,8985,6.756797,ok,,1,8781,160,8941,2,2
bilfinger_se,Bilfinger SE,Bilfinger SE,2023,C:\Universita\TESI\esg_agent\RAG_full\marker_artifacts\bilfinger_se\2023\focused\bilfinger_se_2023_taxonomy_focused.md,1,1,143,153,14784,15201,9.489153,ok,,1,15124,1230,16354,29,29
brenntag_se,Brenntag SE,Brenntag SE,2023,C:\Universita\TESI\esg_agent\RAG_full\marker_artifacts\brenntag_se\2023\focused\brenntag_se_2023_taxonomy_focused.md,1,1,118,124,7975,8392,36.592115,ok,,1,8388,644,9032,12,12
ca_immobilien_anlagen_ag,CA Immobilien Anlagen AG,CA Immobilien Anlagen AG,2023,C:\Universita\TESI\esg_agent\RAG_full\marker_artifacts\ca_immobilien_anlagen_ag\2023\focused\ca_immobilien_anlagen_ag_2023_taxonomy_focused.md,1,1,95,101,4766,5189,3.097808,ok,,1,5133,248,5381,3,3
carrefour,CARREFOUR,CARREFOUR,2024,C:\Universita\TESI\esg_agent\RAG_full\marker_artifacts\carrefour\2024\focused\carrefour_2024_taxonomy_focused.md,1,1,158,181,15916,16333,7.610532,ok,,1,16107,908,17015,16,16
cewe_stiftung_co_kgaa,CEWE Stiftung & Co. KGaA,CEWE Stiftung & Co. KGaA,2023,C:\Universita\TESI\esg_agent\RAG_full\marker_artifacts\cewe_stiftung_co_kgaa\2023\focused\cewe_stiftung_co_kgaa_2023_taxonomy_focused.md,1,1,201,207,8712,9143,6.320267,ok,,1,9113,512,9625,7,7
christian_dior,CHRISTIAN DIOR,CHRISTIAN DIOR,2024,C:\Universita\TESI\esg_agent\RAG_full\marker_artifacts\christian_dior\2024\focused\christian_dior_2024_taxonomy_focused.md,1,1,169,177,4579,4998,6.559291,ok,,1,4673,648,5321,8,8
cie_automotive_s_a,"CIE Automotive, S.A.","CIE Automotive, S.A.",2023,C:\Universita\TESI\esg_agent\RAG_full\marker_artifacts\cie_automotive_s_a\2023\focused\cie_automotive_s_a_2023_taxonomy_focused.md,1,1,275,281,6862,7283,2.599773,ok,,1,7281,154,7435,3,3
commerzbank_ag,Commerzbank AG,Commerzbank AG,2023,C:\Universita\TESI\esg_agent\RAG_full\marker_artifacts\commerzbank_ag\2023\focused\commerzbank_ag_2023_taxonomy_focused.md,1,5,56,105,26487,26906,4.490867,ok,,1,26839,32,26871,0,0
commerzbank_ag,Commerzbank AG,Commerzbank AG,2023,C:\Universita\TESI\esg_agent\RAG_full\marker_artifacts\commerzbank_ag\2023\focused\commerzbank_ag_2023_taxonomy_focused.md,2,5,106,126,33343,33762,35.171716,ok,,1,33446,32,33478,0,0
commerzbank_ag,Commerzbank AG,Commerzbank AG,2023,C:\Universita\TESI\esg_agent\RAG_full\marker_artifacts\commerzbank_ag\2023\focused\commerzbank_ag_2023_taxonomy_focused.md,3,5,127,155,25012,25431,75.058074,ok,,2,25190,160,25350,0,0
commerzbank_ag,Commerzbank AG,Commerzbank AG,2023,C:\Universita\TESI\esg_agent\RAG_full\marker_artifacts\commerzbank_ag\2023\focused\commerzbank_ag_2023_taxonomy_focused.md,4,5,160,180,25092,25511,35.087036,ok,,1,25495,96,25591,0,0
commerzbank_ag,Commerzbank AG,Commerzbank AG,2023,C:\Universita\TESI\esg_agent\RAG_full\marker_artifacts\commerzbank_ag\2023\focused\commerzbank_ag_2023_taxonomy_focused.md,5,5,181,187,5173,5592,2.25421,ok,,1,5523,32,5555,0,0
compagnie_de_l_odet_se,Compagnie de l'Odet SE,Compagnie de l'Odet SE,2023,C:\Universita\TESI\esg_agent\RAG_full\marker_artifacts\compagnie_de_l_odet_se\2023\focused\compagnie_de_l_odet_se_2023_taxonomy_focused.md,1,1,62,73,16838,17263,2.564674,ok,,1,17130,317,17447,12,12
continental_ag,Continental AG,Continental AG,2023,C:\Universita\TESI\esg_agent\RAG_full\marker_artifacts\continental_ag\2023\focused\continental_ag_2023_taxonomy_focused.md,1,1,58,63,7312,7727,3.268803,ok,,1,7716,295,8011,8,8
corporacion_financiera_alba_s_a,"Corporacion Financiera Alba, S.A.","Corporacion Financiera Alba, S.A.",2023,C:\Universita\TESI\esg_agent\RAG_full\marker_artifacts\corporacion_financiera_alba_s_a\2023\focused\corporacion_financiera_alba_s_a_2023_taxonomy_focused.md,1,1,326,334,9991,10422,34.056359,ok,,1,10392,80,10472,1,1
covestro_ag,Covestro AG,Covestro AG,2023,C:\Universita\TESI\esg_agent\RAG_full\marker_artifacts\covestro_ag\2023\focused\covestro_ag_2023_taxonomy_focused.md,1,1,183,201,22734,23151,7.7818,ok,,1,23041,871,23912,16,16
do_co_ag,DO & CO AG,DO & CO AG,2023,C:\Universita\TESI\esg_agent\RAG_full\marker_artifacts\do_co_ag\2023\focused\do_co_ag_2023_taxonomy_focused.md,1,1,26,34,8584,9001,39.199701,ok,,1,8973,435,9408,13,13
ds_smith_limited,DS SMITH LIMITED,DS SMITH LIMITED,2024,C:\Universita\TESI\esg_agent\RAG_full\marker_artifacts\ds_smith_limited\2024\focused\ds_smith_limited_2024_taxonomy_focused.md,1,1,79,84,6314,6731,8.902928,ok,,1,6690,208,6898,5,5
daimler_ag,Daimler AG,Daimler AG,2023,C:\Universita\TESI\esg_agent\RAG_full\marker_artifacts\daimler_ag\2023\focused\daimler_ag_2023_taxonomy_focused.md,1,1,118,127,10766,11183,4.013599,ok,,1,11158,244,11402,5,5
daimler_truck_holding_ag,Daimler Truck Holding AG,Daimler Truck Holding AG,2023,C:\Universita\TESI\esg_agent\RAG_full\marker_artifacts\daimler_truck_holding_ag\2023\focused\daimler_truck_holding_ag_2023_taxonomy_focused.md,1,1,100,106,7651,8072,2.735034,ok,,1,8086,222,8308,4,4
dassault_aviation,Dassault Aviation,Dassault Aviation,2023,C:\Universita\TESI\esg_agent\RAG_full\marker_artifacts\dassault_aviation\2023\focused\dassault_aviation_2023_taxonomy_focused.md,1,1,118,124,5739,6156,2.463976,ok,,1,6129,73,6202,1,1
delivery_hero_se,Delivery Hero SE,Delivery Hero SE,2023,C:\Universita\TESI\esg_agent\RAG_full\marker_artifacts\delivery_hero_se\2023\focused\delivery_hero_se_2023_taxonomy_focused.md,1,1,69,219,20143,20558,2.584301,ok,,1,20492,115,20607,4,4
deutsche_lufthansa_ag,Deutsche Lufthansa AG,Deutsche Lufthansa AG,2023,C:\Universita\TESI\esg_agent\RAG_full\marker_artifacts\deutsche_lufthansa_ag\2023\focused\deutsche_lufthansa_ag_2023_taxonomy_focused.md,1,1,119,329,16293,16716,34.967617,ok,,1,16354,109,16463,3,3
deutsche_post_ag,Deutsche Post AG,Deutsche Post AG,2023,C:\Universita\TESI\esg_agent\RAG_full\marker_artifacts\deutsche_post_ag\2023\focused\deutsche_post_ag_2023_taxonomy_focused.md,1,1,59,96,19761,20178,11.93667,ok,,1,20077,717,20794,14,14
deutsche_telekom_ag,Deutsche Telekom AG,Deutsche Telekom AG,2023,C:\Universita\TESI\esg_agent\RAG_full\marker_artifacts\deutsche_telekom_ag\2023\focused\deutsche_telekom_ag_2023_taxonomy_focused.md,1,1,100,106,9267,9686,5.483795,ok,,1,9680,216,9896,5,5
deutz_ag,Deutz AG,Deutz AG,2023,C:\Universita\TESI\esg_agent\RAG_full\marker_artifacts\deutz_ag\2023\focused\deutz_ag_2023_taxonomy_focused.md,1,1,151,155,5779,6194,34.831794,ok,,1,6198,482,6680,11,11
d_rr_ag,Dürr AG,Dürr AG,2023,C:\Universita\TESI\esg_agent\RAG_full\marker_artifacts\d_rr_ag\2023\focused\d_rr_ag_2023_taxonomy_focused.md,1,1,63,75,10782,11198,49.302309,ok,,1,11204,828,12032,12,12
e_on_se,E.ON SE,E.ON SE,2023,C:\Universita\TESI\esg_agent\RAG_full\marker_artifacts\e_on_se\2023\focused\e_on_se_2023_taxonomy_focused.md,1,1,271,277,14859,15274,12.354515,ok,,1,15147,1787,16934,31,31
e_on_se,E.ON SE,E.ON SE,2024,C:\Universita\TESI\esg_agent\RAG_full\marker_artifacts\e_on_se\2024\focused\e_on_se_2024_taxonomy_focused.md,1,1,120,126,10349,10764,8.560903,ok,,1,10716,1478,12194,30,30
edp_renov_veis_s_a,"EDP Renováveis, S.A.","EDP Renováveis, S.A.",2023,C:\Universita\TESI\esg_agent\RAG_full\marker_artifacts\edp_renov_veis_s_a\2023\focused\edp_renov_veis_s_a_2023_taxonomy_focused.md,1,1,191,199,11916,12341,33.471623,ok,,1,12283,128,12411,3,3
eni_s_p_a,ENI S.P.A.,ENI S.P.A.,2024,C:\Universita\TESI\esg_agent\RAG_full\marker_artifacts\eni_s_p_a\2024\focused\eni_s_p_a_2024_taxonomy_focused.md,1,1,184,253,11548,11967,6.924984,ok,,1,11886,971,12857,21,21
equinor_asa,EQUINOR ASA,EQUINOR ASA,2024,C:\Universita\TESI\esg_agent\RAG_full\marker_artifacts\equinor_asa\2024\focused\equinor_asa_2024_taxonomy_focused.md,1,1,303,309,4876,5295,7.788363,ok,,1,5241,147,5388,3,3
eckert_ziegler_se,Eckert & Ziegler SE,Eckert & Ziegler SE,2023,C:\Universita\TESI\esg_agent\RAG_full\marker_artifacts\eckert_ziegler_se\2023\focused\eckert_ziegler_se_2023_taxonomy_focused.md,1,1,40,44,4018,4443,6.862932,ok,,1,4440,220,4660,3,3
elmos_semiconductor_se,Elmos Semiconductor SE,Elmos Semiconductor SE,2023,C:\Universita\TESI\esg_agent\RAG_full\marker_artifacts\elmos_semiconductor_se\2023\focused\elmos_semiconductor_se_2023_taxonomy_focused.md,1,1,24,30,9717,10134,3.538236,ok,,1,10081,77,10158,2,2
elringklinger_ag,ElringKlinger AG,ElringKlinger AG,2023,C:\Universita\TESI\esg_agent\RAG_full\marker_artifacts\elringklinger_ag\2023\focused\elringklinger_ag_2023_taxonomy_focused.md,1,1,44,61,13756,14175,2.604224,ok,,1,14193,230,14423,7,7
enbw_energie_baden_w_rttemberg_ag,EnBW Energie Baden-Württemberg AG,EnBW Energie Baden-Württemberg AG,2023,C:\Universita\TESI\esg_agent\RAG_full\marker_artifacts\enbw_energie_baden_w_rttemberg_ag\2023\focused\enbw_energie_baden_w_rttemberg_ag_2023_taxonomy_focused.md,1,1,147,153,11572,12005,33.806366,ok,,1,11960,282,12242,11,11
enag_s_s_a,"Enagás, S.A.","Enagás, S.A.",2023,C:\Universita\TESI\esg_agent\RAG_full\marker_artifacts\enag_s_s_a\2023\focused\enag_s_s_a_2023_taxonomy_focused.md,1,1,36,44,12417,12838,4.882396,ok,,1,12773,661,13434,23,23
endesa_s_a,"Endesa, S.A.","Endesa, S.A.",2023,C:\Universita\TESI\esg_agent\RAG_full\marker_artifacts\endesa_s_a\2023\focused\endesa_s_a_2023_taxonomy_focused.md,1,1,31,35,3927,4346,32.906668,ok,,1,4331,45,4376,0,0
evonik_industries_ag,Evonik Industries AG,Evonik Industries AG,2023,C:\Universita\TESI\esg_agent\RAG_full\marker_artifacts\evonik_industries_ag\2023\focused\evonik_industries_ag_2023_taxonomy_focused.md,1,1,225,230,6938,7357,3.790684,ok,,1,7309,247,7556,5,5
frequentis_ag,FREQUENTIS AG,FREQUENTIS AG,2023,C:\Universita\TESI\esg_agent\RAG_full\marker_artifacts\frequentis_ag\2023\focused\frequentis_ag_2023_taxonomy_focused.md,1,1,105,114,10030,10451,2.500851,ok,,1,10433,78,10511,1,1
fuchs_se,FUCHS SE,FUCHS SE,2023,C:\Universita\TESI\esg_agent\RAG_full\marker_artifacts\fuchs_se\2023\focused\fuchs_se_2023_taxonomy_focused.md,1,1,102,110,7893,8310,5.129105,ok,,1,8283,412,8695,10,10
fuchs_se,FUCHS SE,FUCHS SE,2024,C:\Universita\TESI\esg_agent\RAG_full\marker_artifacts\fuchs_se\2024\focused\fuchs_se_2024_taxonomy_focused.md,1,1,136,145,6954,7371,6.394101,ok,,1,6751,472,7223,12,12
famicord_ag,FamiCord AG,FamiCord AG,2023,C:\Universita\TESI\esg_agent\RAG_full\marker_artifacts\famicord_ag\2023\focused\famicord_ag_2023_taxonomy_focused.md,1,1,59,63,2551,2970,2.067322,ok,,1,2988,44,3032,0,0
flughafen_wien_ag,Flughafen Wien AG,Flughafen Wien AG,2023,C:\Universita\TESI\esg_agent\RAG_full\marker_artifacts\flughafen_wien_ag\2023\focused\flughafen_wien_ag_2023_taxonomy_focused.md,1,1,70,74,7499,7918,4.40194,ok,,1,7873,522,8395,10,10
fraport_ag,Fraport AG,Fraport AG,2023,C:\Universita\TESI\esg_agent\RAG_full\marker_artifacts\fraport_ag\2023\focused\fraport_ag_2023_taxonomy_focused.md,1,1,107,116,15810,16227,34.33258,ok,,1,16199,468,16667,15,15
fresenius_medical_care_ag,Fresenius Medical Care AG,Fresenius Medical Care AG,2023,C:\Universita\TESI\esg_agent\RAG_full\marker_artifacts\fresenius_medical_care_ag\2023\focused\fresenius_medical_care_ag_2023_taxonomy_focused.md,1,1,127,133,8930,9353,2.423307,ok,,1,9318,190,9508,5,5
fresenius_se_co_kgaa,Fresenius SE & Co. KGaA,Fresenius SE & Co. KGaA,2023,C:\Universita\TESI\esg_agent\RAG_full\marker_artifacts\fresenius_se_co_kgaa\2023\focused\fresenius_se_co_kgaa_2023_taxonomy_focused.md,1,1,193,199,8252,8683,5.355151,ok,,1,8652,363,9015,6,6
friedrich_vorwerk_group_se,Friedrich Vorwerk Group SE,Friedrich Vorwerk Group SE,2023,C:\Universita\TESI\esg_agent\RAG_full\marker_artifacts\friedrich_vorwerk_group_se\2023\focused\friedrich_vorwerk_group_se_2023_taxonomy_focused.md,1,1,39,45,5774,6197,7.674675,ok,,1,6203,728,6931,10,10
galp_energia_sgps_s_a,GALP ENERGIA SGPS S.A.,GALP ENERGIA SGPS S.A.,2024,C:\Universita\TESI\esg_agent\RAG_full\marker_artifacts\galp_energia_sgps_s_a\2024\focused\galp_energia_sgps_s_a_2024_taxonomy_focused.md,1,1,68,74,6248,6679,4.030208,ok,,1,6611,540,7151,10,10
gea_group_aktiengesellschaft,GEA Group Aktiengesellschaft,GEA Group Aktiengesellschaft,2023,C:\Universita\TESI\esg_agent\RAG_full\marker_artifacts\gea_group_aktiengesellschaft\2023\focused\gea_group_aktiengesellschaft_2023_taxonomy_focused.md,1,1,126,147,22455,22881,35.863196,ok,,1,22774,566,23340,23,23
gestamp_automoci_n_s_a,"Gestamp Automoción, S.A.","Gestamp Automoción, S.A.",2023,C:\Universita\TESI\esg_agent\RAG_full\marker_artifacts\gestamp_automoci_n_s_a\2023\focused\gestamp_automoci_n_s_a_2023_taxonomy_focused.md,1,1,51,110,16507,16934,2.859189,ok,,1,16778,149,16927,4,4
grammer_aktiengesellschaft,Grammer Aktiengesellschaft,Grammer Aktiengesellschaft,2023,C:\Universita\TESI\esg_agent\RAG_full\marker_artifacts\grammer_aktiengesellschaft\2023\focused\grammer_aktiengesellschaft_2023_taxonomy_focused.md,1,1,73,83,8859,9282,39.817441,ok,,1,9286,460,9746,10,10
heineken_holding_n_v,HEINEKEN HOLDING N.V.,HEINEKEN HOLDING N.V.,2024,C:\Universita\TESI\esg_agent\RAG_full\marker_artifacts\heineken_holding_n_v\2024\focused\heineken_holding_n_v_2024_taxonomy_focused.md,1,1,202,208,4558,4981,15.799488,ok,,1,4991,484,5475,10,10
hella_gmbh_co_kgaa,HELLA GmbH & Co. KGaA,HELLA GmbH & Co. KGaA,2023,C:\Universita\TESI\esg_agent\RAG_full\marker_artifacts\hella_gmbh_co_kgaa\2023\focused\hella_gmbh_co_kgaa_2023_taxonomy_focused.md,1,1,88,95,9962,10389,4.030922,ok,,1,10398,120,10518,4,4
henkel_ag_co_kgaa,HENKEL AG & CO. KGAA,HENKEL AG & CO. KGAA,2024,C:\Universita\TESI\esg_agent\RAG_full\marker_artifacts\henkel_ag_co_kgaa\2024\focused\henkel_ag_co_kgaa_2024_taxonomy_focused.md,1,1,122,130,6356,6783,5.900096,ok,,1,6796,321,7117,7,7
hochtief_ag,HOCHTIEF AG,HOCHTIEF AG,2023,C:\Universita\TESI\esg_agent\RAG_full\marker_artifacts\hochtief_ag\2023\focused\hochtief_ag_2023_taxonomy_focused.md,1,1,209,218,13243,13664,8.265669,ok,,1,13628,1727,15355,54,54
hamburger_hafen_und_logistik_ag,Hamburger Hafen und Logistik AG,Hamburger Hafen und Logistik AG,2023,C:\Universita\TESI\esg_agent\RAG_full\marker_artifacts\hamburger_hafen_und_logistik_ag\2023\focused\hamburger_hafen_und_logistik_ag_2023_taxonomy_focused.md,1,1,128,132,7451,7876,34.004238,ok,,1,7848,260,8108,6,6
hawesko_holding_se,Hawesko Holding SE,Hawesko Holding SE,2023,C:\Universita\TESI\esg_agent\RAG_full\marker_artifacts\hawesko_holding_se\2023\focused\hawesko_holding_se_2023_taxonomy_focused.md,1,1,50,58,9570,9991,3.918872,ok,,1,9932,53,9985,1,1
heidelberg_materials_ag,Heidelberg Materials AG,Heidelberg Materials AG,2023,C:\Universita\TESI\esg_agent\RAG_full\marker_artifacts\heidelberg_materials_ag\2023\focused\heidelberg_materials_ag_2023_taxonomy_focused.md,1,1,129,135,7544,7961,34.627157,ok,,1,7957,369,8326,3,3
hugo_boss_ag,Hugo Boss AG,Hugo Boss AG,2023,C:\Universita\TESI\esg_agent\RAG_full\marker_artifacts\hugo_boss_ag\2023\focused\hugo_boss_ag_2023_taxonomy_focused.md,1,1,286,292,6029,6446,3.064221,ok,,1,6440,32,6472,0,0
iberdrola_sa,IBERDROLA SA,IBERDROLA SA,2024,C:\Universita\TESI\esg_agent\RAG_full\marker_artifacts\iberdrola_sa\2024\focused\iberdrola_sa_2024_taxonomy_focused.md,1,1,201,209,5918,6339,4.846345,ok,,1,6321,557,6878,11,11
industria_de_diseno_textil_s_a,INDUSTRIA DE DISENO TEXTIL S.A.,INDUSTRIA DE DISENO TEXTIL S.A.,2024,C:\Universita\TESI\esg_agent\RAG_full\marker_artifacts\industria_de_diseno_textil_s_a\2024\focused\industria_de_diseno_textil_s_a_2024_taxonomy_focused.md,1,1,211,218,3883,4314,7.355168,ok,,1,4283,191,4474,4,4
international_consolidated_airlines_group_s_a,INTERNATIONAL CONSOLIDATED AIRLINES GROUP S.A,INTERNATIONAL CONSOLIDATED AIRLINES GROUP S.A,2024,C:\Universita\TESI\esg_agent\RAG_full\marker_artifacts\international_consolidated_airlines_group_s_a\2024\focused\international_consolidated_airlines_group_s_a_2024_taxonomy_focused.md,1,1,331,337,4433,4864,2.434246,ok,,1,4859,125,4984,3,3
iss_a_s,ISS A/S,ISS A/S,2024,C:\Universita\TESI\esg_agent\RAG_full\marker_artifacts\iss_a_s\2024\focused\iss_a_s_2024_taxonomy_focused.md,1,1,51,97,14524,14939,3.640796,ok,,1,14895,199,15094,3,3
ivu_traffic_technologies_ag,IVU Traffic Technologies AG,IVU Traffic Technologies AG,2023,C:\Universita\TESI\esg_agent\RAG_full\marker_artifacts\ivu_traffic_technologies_ag\2023\focused\ivu_traffic_technologies_ag_2023_taxonomy_focused.md,1,1,39,44,5302,5721,7.537258,ok,,1,5704,173,5877,0,0
immofinanz_ag,Immofinanz AG,Immofinanz AG,2023,C:\Universita\TESI\esg_agent\RAG_full\marker_artifacts\immofinanz_ag\2023\focused\immofinanz_ag_2023_taxonomy_focused.md,1,1,128,136,6579,6998,3.497165,ok,,1,7004,145,7149,3,3
industria_de_dise_o_textil_s_a,"Industria de Diseño Textil, S.A.","Industria de Diseño Textil, S.A.",2023,C:\Universita\TESI\esg_agent\RAG_full\marker_artifacts\industria_de_dise_o_textil_s_a\2023\focused\industria_de_dise_o_textil_s_a_2023_taxonomy_focused.md,1,1,364,370,5355,5784,35.673906,ok,,1,5813,222,6035,4,4
instone_real_estate_group,Instone Real Estate Group,Instone Real Estate Group,2023,C:\Universita\TESI\esg_agent\RAG_full\marker_artifacts\instone_real_estate_group\2023\focused\instone_real_estate_group_2023_taxonomy_focused.md,1,1,100,104,6660,7079,5.560432,ok,,1,7094,589,7683,3,3
jeronimo_martins_sgps_s_a,JERONIMO MARTINS SGPS S.A.,JERONIMO MARTINS SGPS S.A.,2024,C:\Universita\TESI\esg_agent\RAG_full\marker_artifacts\jeronimo_martins_sgps_s_a\2024\focused\jeronimo_martins_sgps_s_a_2024_taxonomy_focused.md,1,1,321,328,6358,6787,3.767617,ok,,1,6732,456,7188,8,8
jenoptik_ag,Jenoptik AG,Jenoptik AG,2023,C:\Universita\TESI\esg_agent\RAG_full\marker_artifacts\jenoptik_ag\2023\focused\jenoptik_ag_2023_taxonomy_focused.md,1,1,154,161,8860,9279,35.074786,ok,,1,9305,370,9675,9,9
jungheinrich_ag,Jungheinrich AG,Jungheinrich AG,2023,C:\Universita\TESI\esg_agent\RAG_full\marker_artifacts\jungheinrich_ag\2023\focused\jungheinrich_ag_2023_taxonomy_focused.md,1,1,87,95,11804,12225,10.027246,ok,,1,12197,547,12744,17,17
k_s_aktiengesellschaft,K+S Aktiengesellschaft,K+S Aktiengesellschaft,2023,C:\Universita\TESI\esg_agent\RAG_full\marker_artifacts\k_s_aktiengesellschaft\2023\focused\k_s_aktiengesellschaft_2023_taxonomy_focused.md,1,1,101,107,11842,12265,4.444571,ok,,1,12232,365,12597,6,6
koninklijke_ahold_delhaize_n_v,KONINKLIJKE AHOLD DELHAIZE N.V.,KONINKLIJKE AHOLD DELHAIZE N.V.,2024,C:\Universita\TESI\esg_agent\RAG_full\marker_artifacts\koninklijke_ahold_delhaize_n_v\2024\focused\koninklijke_ahold_delhaize_n_v_2024_taxonomy_focused.md,1,1,194,201,5727,6162,5.372978,ok,,1,6154,801,6955,13,13
ksb_se_co_kgaa_vz,KSB SE & Co. KGaA Vz,KSB SE & Co. KGaA Vz,2023,C:\Universita\TESI\esg_agent\RAG_full\marker_artifacts\ksb_se_co_kgaa_vz\2023\focused\ksb_se_co_kgaa_vz_2023_taxonomy_focused.md,1,1,49,57,12963,13394,4.360387,ok,,1,13387,341,13728,7,7
kl_ckner_co_se,Klöckner & Co SE,Klöckner & Co SE,2023,C:\Universita\TESI\esg_agent\RAG_full\marker_artifacts\kl_ckner_co_se\2023\focused\kl_ckner_co_se_2023_taxonomy_focused.md,1,1,155,163,7021,7446,3.924379,ok,,1,7400,387,7787,7,7
knorr_bremse_ag,Knorr-Bremse AG,Knorr-Bremse AG,2023,C:\Universita\TESI\esg_agent\RAG_full\marker_artifacts\knorr_bremse_ag\2023\focused\knorr_bremse_ag_2023_taxonomy_focused.md,1,1,69,77,11644,12065,3.730351,ok,,1,12000,424,12424,12,12
koenig_bauer_ag,Koenig & Bauer AG,Koenig & Bauer AG,2023,C:\Universita\TESI\esg_agent\RAG_full\marker_artifacts\koenig_bauer_ag\2023\focused\koenig_bauer_ag_2023_taxonomy_focused.md,1,1,165,175,7914,8335,3.19968,ok,,1,8326,184,8510,3,3
krones_ag,Krones AG,Krones AG,2023,C:\Universita\TESI\esg_agent\RAG_full\marker_artifacts\krones_ag\2023\focused\krones_ag_2023_taxonomy_focused.md,1,1,137,145,8487,8902,3.928339,ok,,1,8942,391,9333,8,8
l_oreal,L'OREAL,L'OREAL,2024,C:\Universita\TESI\esg_agent\RAG_full\marker_artifacts\l_oreal\2024\focused\l_oreal_2024_taxonomy_focused.md,1,1,211,220,8719,9136,36.148036,ok,,1,9075,397,9472,7,7
lacroix_group,LACROIX Group,LACROIX Group,2023,C:\Universita\TESI\esg_agent\RAG_full\marker_artifacts\lacroix_group\2023\focused\lacroix_group_2023_taxonomy_focused.md,1,1,71,79,6627,7046,12.333479,ok,,1,7009,570,7579,20,20
lanxess_ag,LANXESS AG,LANXESS AG,2023,C:\Universita\TESI\esg_agent\RAG_full\marker_artifacts\lanxess_ag\2023\focused\lanxess_ag_2023_taxonomy_focused.md,1,1,70,76,8904,9321,3.860775,ok,,1,9300,390,9690,7,7
leg_immobilien_se,LEG Immobilien SE,LEG Immobilien SE,2023,C:\Universita\TESI\esg_agent\RAG_full\marker_artifacts\leg_immobilien_se\2023\focused\leg_immobilien_se_2023_taxonomy_focused.md,1,1,105,111,9067,9486,5.659039,ok,,1,9389,471,9860,8,8
lenzing_ag,Lenzing AG,Lenzing AG,2023,C:\Universita\TESI\esg_agent\RAG_full\marker_artifacts\lenzing_ag\2023\focused\lenzing_ag_2023_taxonomy_focused.md,1,1,47,54,8235,8649,3.381514,ok,,1,8619,235,8854,8,8
mbb_se,MBB SE,MBB SE,2023,C:\Universita\TESI\esg_agent\RAG_full\marker_artifacts\mbb_se\2023\focused\mbb_se_2023_taxonomy_focused.md,1,1,39,45,6857,7272,3.131843,ok,,1,7312,182,7494,6,6
mercedes_benz_group_ag,MERCEDES-BENZ GROUP AG,MERCEDES-BENZ GROUP AG,2024,C:\Universita\TESI\esg_agent\RAG_full\marker_artifacts\mercedes_benz_group_ag\2024\focused\mercedes_benz_group_ag_2024_taxonomy_focused.md,1,1,186,196,7917,8342,3.57362,ok,,1,8338,232,8570,6,6
mtu_aero_engines_ag,MTU Aero Engines AG,MTU Aero Engines AG,2023,C:\Universita\TESI\esg_agent\RAG_full\marker_artifacts\mtu_aero_engines_ag\2023\focused\mtu_aero_engines_ag_2023_taxonomy_focused.md,1,1,116,125,7929,8348,9.813856,ok,,1,8361,358,8719,16,16
mediclin_ag,MediClin AG,MediClin AG,2023,C:\Universita\TESI\esg_agent\RAG_full\marker_artifacts\mediclin_ag\2023\focused\mediclin_ag_2023_taxonomy_focused.md,1,1,35,43,6353,6770,4.542598,ok,,1,6786,380,7166,6,6
medios_ag,Medios AG,Medios AG,2023,C:\Universita\TESI\esg_agent\RAG_full\marker_artifacts\medios_ag\2023\focused\medios_ag_2023_taxonomy_focused.md,1,1,57,65,9483,9898,32.732222,ok,,1,9875,64,9939,2,2
melia_hotels_international_s_a,"Melia Hotels International, S.A.","Melia Hotels International, S.A.",2023,C:\Universita\TESI\esg_agent\RAG_full\marker_artifacts\melia_hotels_international_s_a\2023\focused\melia_hotels_international_s_a_2023_taxonomy_focused.md,1,1,199,205,7287,7710,1.998199,ok,,1,7653,132,7785,2,2
minor_hotels_europe_americas_s_a,"Minor Hotels Europe & Americas, S.A.","Minor Hotels Europe & Americas, S.A.",2023,C:\Universita\TESI\esg_agent\RAG_full\marker_artifacts\minor_hotels_europe_americas_s_a\2023\focused\minor_hotels_europe_americas_s_a_2023_taxonomy_focused.md,1,1,333,339,8358,8783,5.04588,ok,,1,8735,376,9111,6,6
mister_spex_se,Mister Spex SE,Mister Spex SE,2023,C:\Universita\TESI\esg_agent\RAG_full\marker_artifacts\mister_spex_se\2023\focused\mister_spex_se_2023_taxonomy_focused.md,1,1,27,35,8267,8686,4.154403,ok,,1,8633,67,8700,1,1
norma_group_se,NORMA Group SE,NORMA Group SE,2023,C:\Universita\TESI\esg_agent\RAG_full\marker_artifacts\norma_group_se\2023\focused\norma_group_se_2023_taxonomy_focused.md,1,1,89,101,14410,14829,10.003908,ok,,1,14806,1087,15893,10,10
novo_nordisk_a_s,NOVO NORDISK A/S,NOVO NORDISK A/S,2024,C:\Universita\TESI\esg_agent\RAG_full\marker_artifacts\novo_nordisk_a_s\2024\focused\novo_nordisk_a_s_2024_taxonomy_focused.md,1,1,96,102,5749,6172,3.665807,ok,,1,6169,207,6376,4,4
nemetschek_se,Nemetschek SE,Nemetschek SE,2023,C:\Universita\TESI\esg_agent\RAG_full\marker_artifacts\nemetschek_se\2023\focused\nemetschek_se_2023_taxonomy_focused.md,1,1,67,73,6202,6623,1.981576,ok,,1,6586,45,6631,0,0
omv_ag,OMV AG,OMV AG,2023,C:\Universita\TESI\esg_agent\RAG_full\marker_artifacts\omv_ag\2023\focused\omv_ag_2023_taxonomy_focused.md,1,1,153,161,12624,13039,39.998911,ok,,1,12876,1352,14228,36,36
omv_aktiengesellschaft,OMV AKTIENGESELLSCHAFT,OMV AKTIENGESELLSCHAFT,2024,C:\Universita\TESI\esg_agent\RAG_full\marker_artifacts\omv_aktiengesellschaft\2024\focused\omv_aktiengesellschaft_2024_taxonomy_focused.md,1,1,165,171,7256,7685,19.957561,ok,,1,7561,1006,8567,41,41
patrizia_se,PATRIZIA SE,PATRIZIA SE,2023,C:\Universita\TESI\esg_agent\RAG_full\marker_artifacts\patrizia_se\2023\focused\patrizia_se_2023_taxonomy_focused.md,1,1,40,53,13300,13719,5.933582,ok,,1,13601,777,14378,13,13
pne_ag,PNE AG,PNE AG,2023,C:\Universita\TESI\esg_agent\RAG_full\marker_artifacts\pne_ag\2023\focused\pne_ag_2023_taxonomy_focused.md,1,1,44,50,7769,8184,35.066539,ok,,1,8156,242,8398,5,5
polytec_holding_ag,POLYTEC Holding AG,POLYTEC Holding AG,2023,C:\Universita\TESI\esg_agent\RAG_full\marker_artifacts\polytec_holding_ag\2023\focused\polytec_holding_ag_2023_taxonomy_focused.md,1,1,79,89,11213,11632,3.751274,ok,,1,11587,233,11820,9,9
porr_ag,PORR AG,PORR AG,2023,C:\Universita\TESI\esg_agent\RAG_full\marker_artifacts\porr_ag\2023\focused\porr_ag_2023_taxonomy_focused.md,1,1,213,221,10840,11255,18.500226,ok,,1,11198,1198,12396,23,23
psi_software_se,PSI Software SE,PSI Software SE,2023,C:\Universita\TESI\esg_agent\RAG_full\marker_artifacts\psi_software_se\2023\focused\psi_software_se_2023_taxonomy_focused.md,1,1,69,77,4903,5320,4.768622,ok,,1,5287,127,5414,3,3
pva_tepla_ag,PVA TePla AG,PVA TePla AG,2023,C:\Universita\TESI\esg_agent\RAG_full\marker_artifacts\pva_tepla_ag\2023\focused\pva_tepla_ag_2023_taxonomy_focused.md,1,1,51,59,7766,8187,3.07354,ok,,1,8145,341,8486,11,11
palfinger_ag,Palfinger AG,Palfinger AG,2023,C:\Universita\TESI\esg_agent\RAG_full\marker_artifacts\palfinger_ag\2023\focused\palfinger_ag_2023_taxonomy_focused.md,1,1,64,70,9037,9454,35.145019,ok,,1,9473,379,9852,9,9
porsche_ag_vz,Porsche AG Vz,Porsche AG Vz,2023,C:\Universita\TESI\esg_agent\RAG_full\marker_artifacts\porsche_ag_vz\2023\focused\porsche_ag_vz_2023_taxonomy_focused.md,1,1,109,117,15744,16163,8.821265,ok,,1,16167,460,16627,5,5
prosiebensat_1_media_se,ProSiebenSat.1 Media SE,ProSiebenSat.1 Media SE,2023,C:\Universita\TESI\esg_agent\RAG_full\marker_artifacts\prosiebensat_1_media_se\2023\focused\prosiebensat_1_media_se_2023_taxonomy_focused.md,1,1,69,78,9054,9479,4.201161,ok,,1,9475,381,9856,8,8
prosegur_cash_s_a,"Prosegur Cash, S.A.","Prosegur Cash, S.A.",2023,C:\Universita\TESI\esg_agent\RAG_full\marker_artifacts\prosegur_cash_s_a\2023\focused\prosegur_cash_s_a_2023_taxonomy_focused.md,1,2,244,400,27616,28039,35.083391,ok,,1,27957,73,28030,2,2
prosegur_cash_s_a,"Prosegur Cash, S.A.","Prosegur Cash, S.A.",2023,C:\Universita\TESI\esg_agent\RAG_full\marker_artifacts\prosegur_cash_s_a\2023\focused\prosegur_cash_s_a_2023_taxonomy_focused.md,2,2,401,403,261,684,6.963216,ok,,1,694,35,729,0,0
r_stahl_ag,R. Stahl AG,R. Stahl AG,2023,C:\Universita\TESI\esg_agent\RAG_full\marker_artifacts\r_stahl_ag\2023\focused\r_stahl_ag_2023_taxonomy_focused.md,1,1,63,80,22048,22467,4.063086,ok,,1,22339,333,22672,14,14
renault,RENAULT,RENAULT,2024,C:\Universita\TESI\esg_agent\RAG_full\marker_artifacts\renault\2024\focused\renault_2024_taxonomy_focused.md,1,1,177,185,8026,8441,33.982447,ok,,1,8406,391,8797,8,8
repsol_sa,REPSOL SA.,REPSOL SA.,2024,C:\Universita\TESI\esg_agent\RAG_full\marker_artifacts\repsol_sa\2024\focused\repsol_sa_2024_taxonomy_focused.md,1,1,375,381,9947,10364,38.316322,ok,,1,10287,939,11226,22,22
rh_n_klinikum_ag,RHÖN-KLINIKUM AG,RHÖN-KLINIKUM AG,2023,C:\Universita\TESI\esg_agent\RAG_full\marker_artifacts\rh_n_klinikum_ag\2023\focused\rh_n_klinikum_ag_2023_taxonomy_focused.md,1,1,21,35,9875,10300,3.337871,ok,,1,10281,228,10509,9,9
ringmetall_se_na_o_n,RINGMETALL SE  NA O.N.,RINGMETALL SE  NA O.N.,2023,C:\Universita\TESI\esg_agent\RAG_full\marker_artifacts\ringmetall_se_na_o_n\2023\focused\ringmetall_se_na_o_n_2023_taxonomy_focused.md,1,1,35,76,7415,7840,3.275865,ok,,1,7820,187,8007,3,3
rwe_ag_st,RWE AG St,RWE AG St,2023,C:\Universita\TESI\esg_agent\RAG_full\marker_artifacts\rwe_ag_st\2023\focused\rwe_ag_st_2023_taxonomy_focused.md,1,1,94,104,8875,9292,4.45449,ok,,1,9269,567,9836,11,11
renta_4_banco_s_a,"Renta 4 Banco, S.A.","Renta 4 Banco, S.A.",2023,C:\Universita\TESI\esg_agent\RAG_full\marker_artifacts\renta_4_banco_s_a\2023\focused\renta_4_banco_s_a_2023_taxonomy_focused.md,1,3,178,185,27677,28102,5.553628,ok,,1,27616,48,27664,0,0
renta_4_banco_s_a,"Renta 4 Banco, S.A.","Renta 4 Banco, S.A.",2023,C:\Universita\TESI\esg_agent\RAG_full\marker_artifacts\renta_4_banco_s_a\2023\focused\renta_4_banco_s_a_2023_taxonomy_focused.md,2,3,186,193,25386,25811,33.31273,ok,,1,25799,36,25835,0,0
renta_4_banco_s_a,"Renta 4 Banco, S.A.","Renta 4 Banco, S.A.",2023,C:\Universita\TESI\esg_agent\RAG_full\marker_artifacts\renta_4_banco_s_a\2023\focused\renta_4_banco_s_a_2023_taxonomy_focused.md,3,3,194,195,2029,2454,1.916838,ok,,1,2472,48,2520,0,0
rheinmetall_ag,Rheinmetall AG,Rheinmetall AG,2023,C:\Universita\TESI\esg_agent\RAG_full\marker_artifacts\rheinmetall_ag\2023\focused\rheinmetall_ag_2023_taxonomy_focused.md,1,1,146,153,15921,16342,9.318644,ok,,1,16236,1207,17443,29,29
s_immo_ag,S IMMO AG,S IMMO AG,2023,C:\Universita\TESI\esg_agent\RAG_full\marker_artifacts\s_immo_ag\2023\focused\s_immo_ag_2023_taxonomy_focused.md,1,1,8,27,15564,15981,6.462392,ok,,1,15979,347,16326,4,4
safran,SAFRAN,SAFRAN,2024,C:\Universita\TESI\esg_agent\RAG_full\marker_artifacts\safran\2024\focused\safran_2024_taxonomy_focused.md,1,1,384,391,6388,6803,6.378826,ok,,1,6772,657,7429,12,12
sap_se,SAP SE,SAP SE,2023,C:\Universita\TESI\esg_agent\RAG_full\marker_artifacts\sap_se\2023\focused\sap_se_2023_taxonomy_focused.md,1,1,92,100,7650,8065,3.219819,ok,,1,8080,172,8252,2,2
schneider_electric_se,SCHNEIDER ELECTRIC SE,SCHNEIDER ELECTRIC SE,2024,C:\Universita\TESI\esg_agent\RAG_full\marker_artifacts\schneider_electric_se\2024\focused\schneider_electric_se_2024_taxonomy_focused.md,1,1,193,205,9884,10305,7.095895,ok,,1,10203,1195,11398,20,20
schoeller_bleckmann_ag,SCHOELLER-BLECKMANN AG,SCHOELLER-BLECKMANN AG,2023,C:\Universita\TESI\esg_agent\RAG_full\marker_artifacts\schoeller_bleckmann_ag\2023\focused\schoeller_bleckmann_ag_2023_taxonomy_focused.md,1,1,47,52,5862,6291,5.061972,ok,,1,6274,246,6520,7,7
sgl_carbon_se,SGL Carbon SE,SGL Carbon SE,2023,C:\Universita\TESI\esg_agent\RAG_full\marker_artifacts\sgl_carbon_se\2023\focused\sgl_carbon_se_2023_taxonomy_focused.md,1,1,32,38,7855,8272,34.03535,ok,,1,8282,228,8510,5,5
shell_plc,SHELL PLC,SHELL PLC,2024,C:\Universita\TESI\esg_agent\RAG_full\marker_artifacts\shell_plc\2024\focused\shell_plc_2024_taxonomy_focused.md,1,1,385,391,7130,7545,7.581609,ok,,1,7154,927,8081,26,26
sma_solar_technology_ag,SMA Solar Technology AG,SMA Solar Technology AG,2023,C:\Universita\TESI\esg_agent\RAG_full\marker_artifacts\sma_solar_technology_ag\2023\focused\sma_solar_technology_ag_2023_taxonomy_focused.md,1,1,35,77,18745,19163,2.489213,ok,,1,19138,107,19245,4,4
strabag_se,STRABAG SE,STRABAG SE,2023,C:\Universita\TESI\esg_agent\RAG_full\marker_artifacts\strabag_se\2023\focused\strabag_se_2023_taxonomy_focused.md,1,1,71,79,11995,12412,40.718251,ok,,1,12406,1573,13979,26,26
stratec_se,STRATEC SE,STRATEC SE,2023,C:\Universita\TESI\esg_agent\RAG_full\marker_artifacts\stratec_se\2023\focused\stratec_se_2023_taxonomy_focused.md,1,1,73,81,6549,6966,11.186695,ok,,1,7008,488,7496,9,9
suss_microtec_se,SUSS MicroTec SE,SUSS MicroTec SE,2023,C:\Universita\TESI\esg_agent\RAG_full\marker_artifacts\suss_microtec_se\2023\focused\suss_microtec_se_2023_taxonomy_focused.md,1,1,79,88,6928,7349,3.892333,ok,,1,7340,408,7748,10,10
salzgitter_ag,Salzgitter AG,Salzgitter AG,2023,C:\Universita\TESI\esg_agent\RAG_full\marker_artifacts\salzgitter_ag\2023\focused\salzgitter_ag_2023_taxonomy_focused.md,1,1,120,128,9131,9550,3.636296,ok,,1,9548,83,9631,3,3
sartorius_ag_st,Sartorius AG St,Sartorius AG St,2023,C:\Universita\TESI\esg_agent\RAG_full\marker_artifacts\sartorius_ag_st\2023\focused\sartorius_ag_st_2023_taxonomy_focused.md,1,1,131,139,6589,7009,34.812001,ok,,1,7005,458,7463,6,6
sartorius_ag_vz,Sartorius AG Vz,Sartorius AG Vz,2023,C:\Universita\TESI\esg_agent\RAG_full\marker_artifacts\sartorius_ag_vz\2023\focused\sartorius_ag_vz_2023_taxonomy_focused.md,1,1,131,139,6589,7011,3.852798,ok,,1,7007,288,7295,6,6
savencia,Savencia,Savencia,2023,C:\Universita\TESI\esg_agent\RAG_full\marker_artifacts\savencia\2023\focused\savencia_2023_taxonomy_focused.md,1,1,34,41,12915,13330,4.449827,ok,,1,13151,465,13616,16,16
scout24_se,Scout24 SE,Scout24 SE,2023,C:\Universita\TESI\esg_agent\RAG_full\marker_artifacts\scout24_se\2023\focused\scout24_se_2023_taxonomy_focused.md,1,1,102,111,9519,9936,4.37855,ok,,1,9911,153,10064,5,5
siltronic_ag,Siltronic AG,Siltronic AG,2023,C:\Universita\TESI\esg_agent\RAG_full\marker_artifacts\siltronic_ag\2023\focused\siltronic_ag_2023_taxonomy_focused.md,1,1,95,100,7223,7640,3.644759,ok,,1,7606,357,7963,4,4
syzygy_ag,Syzygy AG,Syzygy AG,2023,C:\Universita\TESI\esg_agent\RAG_full\marker_artifacts\syzygy_ag\2023\focused\syzygy_ag_2023_taxonomy_focused.md,1,1,85,91,5772,6189,2.761137,ok,,1,6192,137,6329,2,2
takkt_ag,TAKKT AG,TAKKT AG,2023,C:\Universita\TESI\esg_agent\RAG_full\marker_artifacts\takkt_ag\2023\focused\takkt_ag_2023_taxonomy_focused.md,1,1,213,217,11007,11424,9.557679,ok,,1,11360,408,11768,8,8
telefonica_sa,TELEFONICA SA,TELEFONICA SA,2024,C:\Universita\TESI\esg_agent\RAG_full\marker_artifacts\telefonica_sa\2024\focused\telefonica_sa_2024_taxonomy_focused.md,1,1,303,311,6759,7180,4.323969,ok,,1,7173,413,7586,8,8
talanx_aktiengesellschaft,Talanx Aktiengesellschaft,Talanx Aktiengesellschaft,2023,C:\Universita\TESI\esg_agent\RAG_full\marker_artifacts\talanx_aktiengesellschaft\2023\focused\talanx_aktiengesellschaft_2023_taxonomy_focused.md,1,1,91,105,16479,16904,35.475678,ok,,1,16770,435,17205,6,6
teamviewer_se,TeamViewer SE,TeamViewer SE,2023,C:\Universita\TESI\esg_agent\RAG_full\marker_artifacts\teamviewer_se\2023\focused\teamviewer_se_2023_taxonomy_focused.md,1,1,175,179,5315,5730,4.557917,ok,,1,5708,481,6189,7,7
tubos_reunidos,Tubos Reunidos,Tubos Reunidos,2023,C:\Universita\TESI\esg_agent\RAG_full\marker_artifacts\tubos_reunidos\2023\focused\tubos_reunidos_2023_taxonomy_focused.md,1,1,7,11,2458,2879,2.870096,ok,,1,2851,33,2884,0,0
uniqa_insurance_group_ag,UNIQA Insurance Group AG,UNIQA Insurance Group AG,2023,C:\Universita\TESI\esg_agent\RAG_full\marker_artifacts\uniqa_insurance_group_ag\2023\focused\uniqa_insurance_group_ag_2023_taxonomy_focused.md,1,1,50,64,14670,15091,6.075305,ok,,1,14963,380,15343,6,6
verbund_ag,VERBUND AG,VERBUND AG,2023,C:\Universita\TESI\esg_agent\RAG_full\marker_artifacts\verbund_ag\2023\focused\verbund_ag_2023_taxonomy_focused.md,1,1,163,169,7141,7558,65.373313,ok,,1,7558,653,8211,10,10
verbund_ag,VERBUND AG,VERBUND AG,2024,C:\Universita\TESI\esg_agent\RAG_full\marker_artifacts\verbund_ag\2024\focused\verbund_ag_2024_taxonomy_focused.md,1,1,211,219,5104,5521,4.093976,ok,,1,5522,647,6169,10,10
vienna_insurance_group_ag,VIENNA INSURANCE GROUP AG,VIENNA INSURANCE GROUP AG,2023,C:\Universita\TESI\esg_agent\RAG_full\marker_artifacts\vienna_insurance_group_ag\2023\focused\vienna_insurance_group_ag_2023_taxonomy_focused.md,1,1,28,36,7401,7826,8.444817,ok,,1,7791,379,8170,7,7
vodafone_group_plc,VODAFONE GROUP PLC,VODAFONE GROUP PLC,2024,C:\Universita\TESI\esg_agent\RAG_full\marker_artifacts\vodafone_group_plc\2024\focused\vodafone_group_plc_2024_taxonomy_focused.md,1,1,213,219,6598,7019,3.840529,ok,,1,6956,243,7199,7,7
virbac,Virbac,Virbac,2023,C:\Universita\TESI\esg_agent\RAG_full\marker_artifacts\virbac\2023\focused\virbac_2023_taxonomy_focused.md,1,1,60,69,10647,11060,6.963098,ok,,1,11035,1003,12038,20,20
viscom_se,Viscom SE,Viscom SE,2023,C:\Universita\TESI\esg_agent\RAG_full\marker_artifacts\viscom_se\2023\focused\viscom_se_2023_taxonomy_focused.md,1,1,62,71,8631,9046,6.062938,ok,,1,9017,521,9538,4,4
volkswagen_ag_st,Volkswagen AG St,Volkswagen AG St,2023,C:\Universita\TESI\esg_agent\RAG_full\marker_artifacts\volkswagen_ag_st\2023\focused\volkswagen_ag_st_2023_taxonomy_focused.md,1,1,205,217,11936,12355,8.325746,ok,,1,12306,314,12620,10,10
volkswagen_ag_vz,Volkswagen AG Vz,Volkswagen AG Vz,2023,C:\Universita\TESI\esg_agent\RAG_full\marker_artifacts\volkswagen_ag_vz\2023\focused\volkswagen_ag_vz_2023_taxonomy_focused.md,1,1,205,217,11887,12308,35.362574,ok,,1,12254,508,12762,10,10
vonovia_se,Vonovia SE,Vonovia SE,2023,C:\Universita\TESI\esg_agent\RAG_full\marker_artifacts\vonovia_se\2023\focused\vonovia_se_2023_taxonomy_focused.md,1,1,59,67,8399,8818,6.397696,ok,,1,8825,599,9424,12,12
vossloh_ag,Vossloh AG,Vossloh AG,2023,C:\Universita\TESI\esg_agent\RAG_full\marker_artifacts\vossloh_ag\2023\focused\vossloh_ag_2023_taxonomy_focused.md,1,1,107,114,4973,5390,7.811334,ok,,1,5401,583,5984,6,6
warimpex_finanz_und_bet_ag,Warimpex Finanz- und Bet. AG,Warimpex Finanz- und Bet. AG,2023,C:\Universita\TESI\esg_agent\RAG_full\marker_artifacts\warimpex_finanz_und_bet_ag\2023\focused\warimpex_finanz_und_bet_ag_2023_taxonomy_focused.md,1,1,47,51,5354,5783,4.170638,ok,,1,5798,225,6023,2,2
washtec_ag,WashTec AG,WashTec AG,2023,C:\Universita\TESI\esg_agent\RAG_full\marker_artifacts\washtec_ag\2023\focused\washtec_ag_2023_taxonomy_focused.md,1,1,42,51,8256,8675,4.886762,ok,,1,8649,501,9150,7,7
westwing_group_se,Westwing Group SE,Westwing Group SE,2023,C:\Universita\TESI\esg_agent\RAG_full\marker_artifacts\westwing_group_se\2023\focused\westwing_group_se_2023_taxonomy_focused.md,1,1,77,85,6238,6653,3.344865,ok,,1,6626,165,6791,2,2
wienerberger_ag,Wienerberger AG,Wienerberger AG,2023,C:\Universita\TESI\esg_agent\RAG_full\marker_artifacts\wienerberger_ag\2023\focused\wienerberger_ag_2023_taxonomy_focused.md,1,1,145,169,14540,14957,4.400997,ok,,1,14978,264,15242,5,5
w_stenrot_w_rttembergische_ag,Wüstenrot & Württembergische AG,Wüstenrot & Württembergische AG,2023,C:\Universita\TESI\esg_agent\RAG_full\marker_artifacts\w_stenrot_w_rttembergische_ag\2023\focused\w_stenrot_w_rttembergische_ag_2023_taxonomy_focused.md,1,1,413,436,16621,17054,5.243057,ok,,1,16869,603,17472,9,9
zalando_se,Zalando SE,Zalando SE,2023,C:\Universita\TESI\esg_agent\RAG_full\marker_artifacts\zalando_se\2023\focused\zalando_se_2023_taxonomy_focused.md,1,1,97,101,3062,3479,33.751473,ok,,1,3502,80,3582,1,1
zumtobel_group_ag,Zumtobel Group AG,Zumtobel Group AG,2023,C:\Universita\TESI\esg_agent\RAG_full\marker_artifacts\zumtobel_group_ag\2023\focused\zumtobel_group_ag_2023_taxonomy_focused.md,1,1,53,61,6839,7260,5.303912,ok,,1,7238,472,7710,10,10
adidas_ag,adidas AG,adidas AG,2023,C:\Universita\TESI\esg_agent\RAG_full\marker_artifacts\adidas_ag\2023\focused\adidas_ag_2023_taxonomy_focused.md,1,1,306,313,8960,9375,4.319497,ok,,1,9396,248,9644,3,3
freenet_ag,freenet AG,freenet AG,2023,C:\Universita\TESI\esg_agent\RAG_full\marker_artifacts\freenet_ag\2023\focused\freenet_ag_2023_taxonomy_focused.md,1,1,79,87,11503,11919,4.523289,ok,,1,11920,308,12228,10,10
grenke_ag,grenke AG,grenke AG,2023,C:\Universita\TESI\esg_agent\RAG_full\marker_artifacts\grenke_ag\2023\focused\grenke_ag_2023_taxonomy_focused.md,1,1,141,153,12372,12787,3.061479,ok,,1,12733,255,12988,9,9
secunet_security_networks_ag,secunet Security Networks AG,secunet Security Networks AG,2023,C:\Universita\TESI\esg_agent\RAG_full\marker_artifacts\secunet_security_networks_ag\2023\focused\secunet_security_networks_ag_2023_taxonomy_focused.md,1,1,103,116,8381,8802,38.345455,ok,,1,8748,121,8869,3,3
technotrans_se,technotrans SE,technotrans SE,2023,C:\Universita\TESI\esg_agent\RAG_full\marker_artifacts\technotrans_se\2023\focused\technotrans_se_2023_taxonomy_focused.md,1,1,68,78,9476,9893,6.645298,ok,,1,9844,749,10593,12,12
