slug,company,company_name_full,report_year,source_md,status,error_stage,error_message,rebuild_index,top_k_requested,w_bm25,w_emb,n_queries,n_index_chunks,n_retrieved_chunks,index_elapsed_s,retrieval_elapsed_s,extraction_elapsed_sum_s,doc_total_elapsed_s,n_llm_calls_ok,n_llm_calls_error
a_p_moller_maersk_a_s,A P MOLLER-MAERSK A/S,A P MOLLER-MAERSK A/S,2024,C:\Universita\TESI\esg_agent\RAG_full\marker_artifacts\a_p_moller_maersk_a_s\2024\focused\a_p_moller_maersk_a_s_2024_taxonomy_focused.md,ok,,,False,8,0.65,0.35,17,7,7,0.006466,2.036235,16.829748,20.373637,7,0
ab_volvo,AB VOLVO,AB VOLVO,2024,C:\Universita\TESI\esg_agent\RAG_full\marker_artifacts\ab_volvo\2024\focused\ab_volvo_2024_taxonomy_focused.md,ok,,,False,8,0.65,0.35,17,8,8,0.008244,0.339555,16.223448,18.297499,8,0
acs_actividades_de_construcci_n_y_servicios_s_a,"ACS, Actividades de Construcción y Servicios, S.A.","ACS, Actividades de Construcción y Servicios, S.A.",2023,C:\Universita\TESI\esg_agent\RAG_full\marker_artifacts\acs_actividades_de_construcci_n_y_servicios_s_a\2023\focused\acs_actividades_de_construcci_n_y_servicios_s_a_2023_taxonomy_focused.md,ok,,,False,8,0.65,0.35,17,14,8,0.012636,0.389641,24.73524,26.927255,8,0
aib_group_plc,AIB Group plc,AIB Group plc,2023,C:\Universita\TESI\esg_agent\RAG_full\marker_artifacts\aib_group_plc\2023\focused\aib_group_plc_2023_taxonomy_focused.md,ok,,,False,8,0.65,0.35,17,14,8,0.016451,0.458242,18.295279,20.825717,8,0
airbus_se,AIRBUS SE,AIRBUS SE,2024,C:\Universita\TESI\esg_agent\RAG_full\marker_artifacts\airbus_se\2024\focused\airbus_se_2024_taxonomy_focused.md,ok,,,False,8,0.65,0.35,17,7,7,0.023592,0.414253,31.511549,33.43233,7,0
akwel,AKWEL,AKWEL,2023,C:\Universita\TESI\esg_agent\RAG_full\marker_artifacts\akwel\2023\focused\akwel_2023_taxonomy_focused.md,ok,,,False,8,0.65,0.35,17,9,8,0.011426,0.362038,18.548818,20.757692,8,0
akzo_nobel_nv,AKZO NOBEL NV,AKZO NOBEL NV,2024,C:\Universita\TESI\esg_agent\RAG_full\marker_artifacts\akzo_nobel_nv\2024\focused\akzo_nobel_nv_2024_taxonomy_focused.md,ok,,,False,8,0.65,0.35,17,4,4,0.016917,0.376244,9.56824,10.850503,4,0
amag_austria_metall_ag,AMAG Austria Metall AG,AMAG Austria Metall AG,2023,C:\Universita\TESI\esg_agent\RAG_full\marker_artifacts\amag_austria_metall_ag\2023\focused\amag_austria_metall_ag_2023_taxonomy_focused.md,ok,,,False,8,0.65,0.35,17,5,5,0.01053,0.361149,20.432729,21.900305,5,0
arcelormittal_sa,ARCELORMITTAL SA,ARCELORMITTAL SA,2024,C:\Universita\TESI\esg_agent\RAG_full\marker_artifacts\arcelormittal_sa\2024\focused\arcelormittal_sa_2024_taxonomy_focused.md,ok,,,False,8,0.65,0.35,17,5,5,0.015463,0.337413,13.070808,14.50289,5,0
asml_holding_n_v,ASML HOLDING N.V.,ASML HOLDING N.V.,2024,C:\Universita\TESI\esg_agent\RAG_full\marker_artifacts\asml_holding_n_v\2024\focused\asml_holding_n_v_2024_taxonomy_focused.md,ok,,,False,8,0.65,0.35,17,5,5,0.00831,0.341269,12.332523,13.756279,5,0
atoss_software_se,ATOSS Software SE,ATOSS Software SE,2023,C:\Universita\TESI\esg_agent\RAG_full\marker_artifacts\atoss_software_se\2023\focused\atoss_software_se_2023_taxonomy_focused.md,ok,,,False,8,0.65,0.35,17,4,4,0.012814,0.394329,9.543444,10.815486,4,0
acerinox_s_a,Acerinox S.A.,Acerinox S.A.,2023,C:\Universita\TESI\esg_agent\RAG_full\marker_artifacts\acerinox_s_a\2023\focused\acerinox_s_a_2023_taxonomy_focused.md,ok,,,False,8,0.65,0.35,17,18,8,0.012962,0.40817,19.093098,21.282377,8,0
ackermans_van_haaren,Ackermans & van Haaren,Ackermans & van Haaren,2023,C:\Universita\TESI\esg_agent\RAG_full\marker_artifacts\ackermans_van_haaren\2023\focused\ackermans_van_haaren_2023_taxonomy_focused.md,ok,,,False,8,0.65,0.35,17,5,5,0.004697,1.922436,10.067594,13.127324,5,0
aena_s_m_e_s_a,"Aena S.M.E., S.A.","Aena S.M.E., S.A.",2023,C:\Universita\TESI\esg_agent\RAG_full\marker_artifacts\aena_s_m_e_s_a\2023\focused\aena_s_m_e_s_a_2023_taxonomy_focused.md,ok,,,False,8,0.65,0.35,17,22,8,0.014119,0.47354,18.10862,21.128633,8,0
agrana_beteiligungs_ag,Agrana Beteiligungs-AG,Agrana Beteiligungs-AG,2023,C:\Universita\TESI\esg_agent\RAG_full\marker_artifacts\agrana_beteiligungs_ag\2023\focused\agrana_beteiligungs_ag_2023_taxonomy_focused.md,ok,,,False,8,0.65,0.35,17,5,5,0.013279,0.348406,9.226099,10.738498,5,0
allianz_se,Allianz SE,Allianz SE,2023,C:\Universita\TESI\esg_agent\RAG_full\marker_artifacts\allianz_se\2023\focused\allianz_se_2023_taxonomy_focused.md,ok,,,False,8,0.65,0.35,17,17,8,0.009207,0.410586,37.38879,39.748005,8,0
alzchem_group_ag,Alzchem Group AG,Alzchem Group AG,2023,C:\Universita\TESI\esg_agent\RAG_full\marker_artifacts\alzchem_group_ag\2023\focused\alzchem_group_ag_2023_taxonomy_focused.md,ok,,,False,8,0.65,0.35,17,9,8,0.013513,0.382807,19.938923,22.253548,8,0
andritz_ag,Andritz AG,Andritz AG,2023,C:\Universita\TESI\esg_agent\RAG_full\marker_artifacts\andritz_ag\2023\focused\andritz_ag_2023_taxonomy_focused.md,ok,,,False,8,0.65,0.35,17,7,7,0.014319,0.372252,20.929608,22.847875,7,0
audax_renovables_s_a,"Audax Renovables, S.A.","Audax Renovables, S.A.",2023,C:\Universita\TESI\esg_agent\RAG_full\marker_artifacts\audax_renovables_s_a\2023\focused\audax_renovables_s_a_2023_taxonomy_focused.md,ok,,,False,8,0.65,0.35,17,7,7,0.008,0.342405,16.466983,18.377274,7,0
azkoyen_s_a,"Azkoyen, S.A.","Azkoyen, S.A.",2023,C:\Universita\TESI\esg_agent\RAG_full\marker_artifacts\azkoyen_s_a\2023\focused\azkoyen_s_a_2023_taxonomy_focused.md,ok,,,False,8,0.65,0.35,17,8,8,0.013658,0.384472,16.056723,18.424775,8,0
bawag_group_ag,BAWAG Group AG,BAWAG Group AG,2023,C:\Universita\TESI\esg_agent\RAG_full\marker_artifacts\bawag_group_ag\2023\focused\bawag_group_ag_2023_taxonomy_focused.md,ok,,,False,8,0.65,0.35,17,23,8,0.019103,0.404757,22.562887,25.096526,8,0
bmw_ag_vz,BMW AG Vz,BMW AG Vz,2023,C:\Universita\TESI\esg_agent\RAG_full\marker_artifacts\bmw_ag_vz\2023\focused\bmw_ag_vz_2023_taxonomy_focused.md,ok,,,False,8,0.65,0.35,17,19,8,0.015512,0.441532,16.398846,18.86664,8,0
banco_santander_s_a,"Banco Santander, S.A.","Banco Santander, S.A.",2023,C:\Universita\TESI\esg_agent\RAG_full\marker_artifacts\banco_santander_s_a\2023\focused\banco_santander_s_a_2023_taxonomy_focused.md,ok,,,False,8,0.65,0.35,17,24,8,0.013605,0.422201,20.620591,23.048155,8,0
bayer_ag,Bayer AG,Bayer AG,2023,C:\Universita\TESI\esg_agent\RAG_full\marker_artifacts\bayer_ag\2023\focused\bayer_ag_2023_taxonomy_focused.md,ok,,,False,8,0.65,0.35,17,8,8,0.020261,0.375452,26.125714,28.403528,8,0
bechtle_ag,Bechtle AG,Bechtle AG,2023,C:\Universita\TESI\esg_agent\RAG_full\marker_artifacts\bechtle_ag\2023\focused\bechtle_ag_2023_taxonomy_focused.md,ok,,,False,8,0.65,0.35,17,4,4,0.008851,0.35929,8.484935,9.780655,4,0
beiersdorf_ag,Beiersdorf AG,Beiersdorf AG,2023,C:\Universita\TESI\esg_agent\RAG_full\marker_artifacts\beiersdorf_ag\2023\focused\beiersdorf_ag_2023_taxonomy_focused.md,ok,,,False,8,0.65,0.35,17,8,8,0.012542,0.344812,16.25751,18.426512,8,0
bike24_holding_ag,Bike24 Holding AG,Bike24 Holding AG,2023,C:\Universita\TESI\esg_agent\RAG_full\marker_artifacts\bike24_holding_ag\2023\focused\bike24_holding_ag_2023_taxonomy_focused.md,ok,,,False,8,0.65,0.35,17,8,8,0.008508,0.34052,28.578055,30.651223,8,0
bilfinger_se,Bilfinger SE,Bilfinger SE,2023,C:\Universita\TESI\esg_agent\RAG_full\marker_artifacts\bilfinger_se\2023\focused\bilfinger_se_2023_taxonomy_focused.md,ok,,,False,8,0.65,0.35,17,10,8,0.016013,0.375209,38.0759,40.39225,8,0
brenntag_se,Brenntag SE,Brenntag SE,2023,C:\Universita\TESI\esg_agent\RAG_full\marker_artifacts\brenntag_se\2023\focused\brenntag_se_2023_taxonomy_focused.md,ok,,,False,8,0.65,0.35,17,5,5,0.014795,0.414089,31.911682,33.722266,5,0
ca_immobilien_anlagen_ag,CA Immobilien Anlagen AG,CA Immobilien Anlagen AG,2023,C:\Universita\TESI\esg_agent\RAG_full\marker_artifacts\ca_immobilien_anlagen_ag\2023\focused\ca_immobilien_anlagen_ag_2023_taxonomy_focused.md,ok,,,False,8,0.65,0.35,17,5,5,0.016658,0.413619,8.152389,9.807968,5,0
carrefour,CARREFOUR,CARREFOUR,2024,C:\Universita\TESI\esg_agent\RAG_full\marker_artifacts\carrefour\2024\focused\carrefour_2024_taxonomy_focused.md,ok,,,False,8,0.65,0.35,17,15,8,0.018786,0.49332,29.028382,31.342753,8,0
cewe_stiftung_co_kgaa,CEWE Stiftung & Co. KGaA,CEWE Stiftung & Co. KGaA,2023,C:\Universita\TESI\esg_agent\RAG_full\marker_artifacts\cewe_stiftung_co_kgaa\2023\focused\cewe_stiftung_co_kgaa_2023_taxonomy_focused.md,ok,,,False,8,0.65,0.35,17,7,7,0.018833,0.417787,14.284024,16.475972,7,0
christian_dior,CHRISTIAN DIOR,CHRISTIAN DIOR,2024,C:\Universita\TESI\esg_agent\RAG_full\marker_artifacts\christian_dior\2024\focused\christian_dior_2024_taxonomy_focused.md,ok,,,False,8,0.65,0.35,17,4,4,0.020043,0.4315,12.189364,13.580029,4,0
cie_automotive_s_a,"CIE Automotive, S.A.","CIE Automotive, S.A.",2023,C:\Universita\TESI\esg_agent\RAG_full\marker_artifacts\cie_automotive_s_a\2023\focused\cie_automotive_s_a_2023_taxonomy_focused.md,ok,,,False,8,0.65,0.35,17,6,6,0.007947,0.440907,24.204562,26.141085,6,0
commerzbank_ag,Commerzbank AG,Commerzbank AG,2023,C:\Universita\TESI\esg_agent\RAG_full\marker_artifacts\commerzbank_ag\2023\focused\commerzbank_ag_2023_taxonomy_focused.md,ok,,,False,8,0.65,0.35,17,58,8,0.052398,0.592842,85.563657,88.407301,8,0
compagnie_de_l_odet_se,Compagnie de l'Odet SE,Compagnie de l'Odet SE,2023,C:\Universita\TESI\esg_agent\RAG_full\marker_artifacts\compagnie_de_l_odet_se\2023\focused\compagnie_de_l_odet_se_2023_taxonomy_focused.md,ok,,,False,8,0.65,0.35,17,12,8,0.020718,0.379306,26.506683,28.923367,8,0
continental_ag,Continental AG,Continental AG,2023,C:\Universita\TESI\esg_agent\RAG_full\marker_artifacts\continental_ag\2023\focused\continental_ag_2023_taxonomy_focused.md,ok,,,False,8,0.65,0.35,17,5,5,0.008952,0.299668,23.076502,24.487058,5,0
corporacion_financiera_alba_s_a,"Corporacion Financiera Alba, S.A.","Corporacion Financiera Alba, S.A.",2023,C:\Universita\TESI\esg_agent\RAG_full\marker_artifacts\corporacion_financiera_alba_s_a\2023\focused\corporacion_financiera_alba_s_a_2023_taxonomy_focused.md,ok,,,False,8,0.65,0.35,17,8,8,0.0143,0.324846,17.97902,20.159274,8,0
covestro_ag,Covestro AG,Covestro AG,2023,C:\Universita\TESI\esg_agent\RAG_full\marker_artifacts\covestro_ag\2023\focused\covestro_ag_2023_taxonomy_focused.md,ok,,,False,8,0.65,0.35,17,14,8,0.010279,0.639156,18.661388,21.170301,8,0
do_co_ag,DO & CO AG,DO & CO AG,2023,C:\Universita\TESI\esg_agent\RAG_full\marker_artifacts\do_co_ag\2023\focused\do_co_ag_2023_taxonomy_focused.md,ok,,,False,8,0.65,0.35,17,8,8,0.017258,0.356917,18.589655,20.707935,8,0
ds_smith_limited,DS SMITH LIMITED,DS SMITH LIMITED,2024,C:\Universita\TESI\esg_agent\RAG_full\marker_artifacts\ds_smith_limited\2024\focused\ds_smith_limited_2024_taxonomy_focused.md,ok,,,False,8,0.65,0.35,17,5,5,0.011743,0.445199,25.350749,26.90257,5,0
daimler_ag,Daimler AG,Daimler AG,2023,C:\Universita\TESI\esg_agent\RAG_full\marker_artifacts\daimler_ag\2023\focused\daimler_ag_2023_taxonomy_focused.md,ok,,,False,8,0.65,0.35,17,9,8,0.010188,0.39519,33.733349,36.071928,8,0
daimler_truck_holding_ag,Daimler Truck Holding AG,Daimler Truck Holding AG,2023,C:\Universita\TESI\esg_agent\RAG_full\marker_artifacts\daimler_truck_holding_ag\2023\focused\daimler_truck_holding_ag_2023_taxonomy_focused.md,ok,,,False,8,0.65,0.35,17,8,8,0.019435,0.376049,37.053594,39.451893,8,0
dassault_aviation,Dassault Aviation,Dassault Aviation,2023,C:\Universita\TESI\esg_agent\RAG_full\marker_artifacts\dassault_aviation\2023\focused\dassault_aviation_2023_taxonomy_focused.md,ok,,,False,8,0.65,0.35,17,5,5,0.015132,0.341306,11.658662,13.230055,5,0
delivery_hero_se,Delivery Hero SE,Delivery Hero SE,2023,C:\Universita\TESI\esg_agent\RAG_full\marker_artifacts\delivery_hero_se\2023\focused\delivery_hero_se_2023_taxonomy_focused.md,ok,,,False,8,0.65,0.35,17,12,8,0.024185,0.536758,19.605926,22.123464,8,0
deutsche_lufthansa_ag,Deutsche Lufthansa AG,Deutsche Lufthansa AG,2023,C:\Universita\TESI\esg_agent\RAG_full\marker_artifacts\deutsche_lufthansa_ag\2023\focused\deutsche_lufthansa_ag_2023_taxonomy_focused.md,ok,,,False,8,0.65,0.35,17,14,8,0.022234,0.447508,32.401396,34.918003,8,0
deutsche_post_ag,Deutsche Post AG,Deutsche Post AG,2023,C:\Universita\TESI\esg_agent\RAG_full\marker_artifacts\deutsche_post_ag\2023\focused\deutsche_post_ag_2023_taxonomy_focused.md,ok,,,False,8,0.65,0.35,17,17,8,0.016462,0.413903,20.362686,22.716924,8,0
deutsche_telekom_ag,Deutsche Telekom AG,Deutsche Telekom AG,2023,C:\Universita\TESI\esg_agent\RAG_full\marker_artifacts\deutsche_telekom_ag\2023\focused\deutsche_telekom_ag_2023_taxonomy_focused.md,ok,,,False,8,0.65,0.35,17,9,8,0.012157,0.439695,17.792794,20.123062,8,0
deutz_ag,Deutz AG,Deutz AG,2023,C:\Universita\TESI\esg_agent\RAG_full\marker_artifacts\deutz_ag\2023\focused\deutz_ag_2023_taxonomy_focused.md,ok,,,False,8,0.65,0.35,17,5,5,0.012037,0.377114,9.682882,11.184647,5,0
d_rr_ag,Dürr AG,Dürr AG,2023,C:\Universita\TESI\esg_agent\RAG_full\marker_artifacts\d_rr_ag\2023\focused\d_rr_ag_2023_taxonomy_focused.md,ok,,,False,8,0.65,0.35,17,11,8,0.009062,0.371001,19.156343,21.268581,8,0
e_on_se,E.ON SE,E.ON SE,2023,C:\Universita\TESI\esg_agent\RAG_full\marker_artifacts\e_on_se\2023\focused\e_on_se_2023_taxonomy_focused.md,ok,,,False,8,0.65,0.35,17,8,8,0.009801,0.324798,17.91565,20.002724,8,0
e_on_se,E.ON SE,E.ON SE,2024,C:\Universita\TESI\esg_agent\RAG_full\marker_artifacts\e_on_se\2024\focused\e_on_se_2024_taxonomy_focused.md,ok,,,False,8,0.65,0.35,17,11,8,0.011911,0.323334,25.148987,27.250046,8,0
edp_renov_veis_s_a,"EDP Renováveis, S.A.","EDP Renováveis, S.A.",2023,C:\Universita\TESI\esg_agent\RAG_full\marker_artifacts\edp_renov_veis_s_a\2023\focused\edp_renov_veis_s_a_2023_taxonomy_focused.md,ok,,,False,8,0.65,0.35,17,9,8,0.011963,0.419086,27.12867,29.424386,8,0
eni_s_p_a,ENI S.P.A.,ENI S.P.A.,2024,C:\Universita\TESI\esg_agent\RAG_full\marker_artifacts\eni_s_p_a\2024\focused\eni_s_p_a_2024_taxonomy_focused.md,ok,,,False,8,0.65,0.35,17,11,8,0.008611,0.392655,72.918652,75.044089,8,0
equinor_asa,EQUINOR ASA,EQUINOR ASA,2024,C:\Universita\TESI\esg_agent\RAG_full\marker_artifacts\equinor_asa\2024\focused\equinor_asa_2024_taxonomy_focused.md,ok,,,False,8,0.65,0.35,17,5,5,0.011382,0.350101,11.13872,12.57143,5,0
eckert_ziegler_se,Eckert & Ziegler SE,Eckert & Ziegler SE,2023,C:\Universita\TESI\esg_agent\RAG_full\marker_artifacts\eckert_ziegler_se\2023\focused\eckert_ziegler_se_2023_taxonomy_focused.md,ok,,,False,8,0.65,0.35,17,3,3,0.003556,0.318579,5.709684,6.688271,3,0
elmos_semiconductor_se,Elmos Semiconductor SE,Elmos Semiconductor SE,2023,C:\Universita\TESI\esg_agent\RAG_full\marker_artifacts\elmos_semiconductor_se\2023\focused\elmos_semiconductor_se_2023_taxonomy_focused.md,ok,,,False,8,0.65,0.35,17,9,8,0.014669,0.358383,16.7136,18.852057,8,0
elringklinger_ag,ElringKlinger AG,ElringKlinger AG,2023,C:\Universita\TESI\esg_agent\RAG_full\marker_artifacts\elringklinger_ag\2023\focused\elringklinger_ag_2023_taxonomy_focused.md,ok,,,False,8,0.65,0.35,17,12,8,0.005229,0.513365,24.701869,26.984855,8,0
enbw_energie_baden_w_rttemberg_ag,EnBW Energie Baden-Württemberg AG,EnBW Energie Baden-Württemberg AG,2023,C:\Universita\TESI\esg_agent\RAG_full\marker_artifacts\enbw_energie_baden_w_rttemberg_ag\2023\focused\enbw_energie_baden_w_rttemberg_ag_2023_taxonomy_focused.md,ok,,,False,8,0.65,0.35,17,9,8,0.006199,0.327968,20.914114,23.071551,8,0
enag_s_s_a,"Enagás, S.A.","Enagás, S.A.",2023,C:\Universita\TESI\esg_agent\RAG_full\marker_artifacts\enag_s_s_a\2023\focused\enag_s_s_a_2023_taxonomy_focused.md,ok,,,False,8,0.65,0.35,17,10,8,0.012115,0.357017,19.020738,21.161715,8,0
endesa_s_a,"Endesa, S.A.","Endesa, S.A.",2023,C:\Universita\TESI\esg_agent\RAG_full\marker_artifacts\endesa_s_a\2023\focused\endesa_s_a_2023_taxonomy_focused.md,ok,,,False,8,0.65,0.35,17,4,4,0.004095,0.350905,7.572872,8.885879,4,0
evonik_industries_ag,Evonik Industries AG,Evonik Industries AG,2023,C:\Universita\TESI\esg_agent\RAG_full\marker_artifacts\evonik_industries_ag\2023\focused\evonik_industries_ag_2023_taxonomy_focused.md,ok,,,False,8,0.65,0.35,17,5,5,0.018209,0.393342,23.301912,24.88716,5,0
frequentis_ag,FREQUENTIS AG,FREQUENTIS AG,2023,C:\Universita\TESI\esg_agent\RAG_full\marker_artifacts\frequentis_ag\2023\focused\frequentis_ag_2023_taxonomy_focused.md,ok,,,False,8,0.65,0.35,17,9,8,0.023641,0.382699,30.012441,32.328215,8,0
fuchs_se,FUCHS SE,FUCHS SE,2023,C:\Universita\TESI\esg_agent\RAG_full\marker_artifacts\fuchs_se\2023\focused\fuchs_se_2023_taxonomy_focused.md,ok,,,False,8,0.65,0.35,17,7,7,0.010262,0.382822,31.734491,33.697129,7,0
fuchs_se,FUCHS SE,FUCHS SE,2024,C:\Universita\TESI\esg_agent\RAG_full\marker_artifacts\fuchs_se\2024\focused\fuchs_se_2024_taxonomy_focused.md,ok,,,False,8,0.65,0.35,17,6,6,0.020105,0.371712,38.726412,40.39544,6,0
famicord_ag,FamiCord AG,FamiCord AG,2023,C:\Universita\TESI\esg_agent\RAG_full\marker_artifacts\famicord_ag\2023\focused\famicord_ag_2023_taxonomy_focused.md,ok,,,False,8,0.65,0.35,17,3,3,0.008257,0.404346,8.469176,9.520782,3,0
flughafen_wien_ag,Flughafen Wien AG,Flughafen Wien AG,2023,C:\Universita\TESI\esg_agent\RAG_full\marker_artifacts\flughafen_wien_ag\2023\focused\flughafen_wien_ag_2023_taxonomy_focused.md,ok,,,False,8,0.65,0.35,17,3,3,0.009734,0.321953,13.422408,14.493102,3,0
fraport_ag,Fraport AG,Fraport AG,2023,C:\Universita\TESI\esg_agent\RAG_full\marker_artifacts\fraport_ag\2023\focused\fraport_ag_2023_taxonomy_focused.md,ok,,,False,8,0.65,0.35,17,12,8,0.015787,0.435002,21.075662,23.410871,8,0
fresenius_medical_care_ag,Fresenius Medical Care AG,Fresenius Medical Care AG,2023,C:\Universita\TESI\esg_agent\RAG_full\marker_artifacts\fresenius_medical_care_ag\2023\focused\fresenius_medical_care_ag_2023_taxonomy_focused.md,ok,,,False,8,0.65,0.35,17,9,8,0.011039,0.364128,33.206778,35.339988,8,0
fresenius_se_co_kgaa,Fresenius SE & Co. KGaA,Fresenius SE & Co. KGaA,2023,C:\Universita\TESI\esg_agent\RAG_full\marker_artifacts\fresenius_se_co_kgaa\2023\focused\fresenius_se_co_kgaa_2023_taxonomy_focused.md,ok,,,False,8,0.65,0.35,17,8,8,0.0096,0.348311,19.311448,21.423271,8,0
friedrich_vorwerk_group_se,Friedrich Vorwerk Group SE,Friedrich Vorwerk Group SE,2023,C:\Universita\TESI\esg_agent\RAG_full\marker_artifacts\friedrich_vorwerk_group_se\2023\focused\friedrich_vorwerk_group_se_2023_taxonomy_focused.md,ok,,,False,8,0.65,0.35,17,6,6,0.01402,0.346879,23.696769,25.431416,6,0
galp_energia_sgps_s_a,GALP ENERGIA SGPS S.A.,GALP ENERGIA SGPS S.A.,2024,C:\Universita\TESI\esg_agent\RAG_full\marker_artifacts\galp_energia_sgps_s_a\2024\focused\galp_energia_sgps_s_a_2024_taxonomy_focused.md,ok,,,False,8,0.65,0.35,17,7,7,0.005037,0.314025,15.562781,17.343259,7,0
gea_group_aktiengesellschaft,GEA Group Aktiengesellschaft,GEA Group Aktiengesellschaft,2023,C:\Universita\TESI\esg_agent\RAG_full\marker_artifacts\gea_group_aktiengesellschaft\2023\focused\gea_group_aktiengesellschaft_2023_taxonomy_focused.md,ok,,,False,8,0.65,0.35,17,14,8,0.006975,0.410724,18.232032,20.478932,8,0
gestamp_automoci_n_s_a,"Gestamp Automoción, S.A.","Gestamp Automoción, S.A.",2023,C:\Universita\TESI\esg_agent\RAG_full\marker_artifacts\gestamp_automoci_n_s_a\2023\focused\gestamp_automoci_n_s_a_2023_taxonomy_focused.md,ok,,,False,8,0.65,0.35,17,15,8,0.010707,0.333346,19.087719,21.202403,8,0
grammer_aktiengesellschaft,Grammer Aktiengesellschaft,Grammer Aktiengesellschaft,2023,C:\Universita\TESI\esg_agent\RAG_full\marker_artifacts\grammer_aktiengesellschaft\2023\focused\grammer_aktiengesellschaft_2023_taxonomy_focused.md,ok,,,False,8,0.65,0.35,17,8,8,0.010551,0.33431,38.443874,40.586515,8,0
heineken_holding_n_v,HEINEKEN HOLDING N.V.,HEINEKEN HOLDING N.V.,2024,C:\Universita\TESI\esg_agent\RAG_full\marker_artifacts\heineken_holding_n_v\2024\focused\heineken_holding_n_v_2024_taxonomy_focused.md,ok,,,False,8,0.65,0.35,17,4,4,0.004748,0.317195,18.401417,19.586435,4,0
hella_gmbh_co_kgaa,HELLA GmbH & Co. KGaA,HELLA GmbH & Co. KGaA,2023,C:\Universita\TESI\esg_agent\RAG_full\marker_artifacts\hella_gmbh_co_kgaa\2023\focused\hella_gmbh_co_kgaa_2023_taxonomy_focused.md,ok,,,False,8,0.65,0.35,17,6,6,0.010759,0.365893,11.316645,13.083835,6,0
henkel_ag_co_kgaa,HENKEL AG & CO. KGAA,HENKEL AG & CO. KGAA,2024,C:\Universita\TESI\esg_agent\RAG_full\marker_artifacts\henkel_ag_co_kgaa\2024\focused\henkel_ag_co_kgaa_2024_taxonomy_focused.md,ok,,,False,8,0.65,0.35,17,6,6,0.019636,0.529879,25.52683,27.38758,6,0
hochtief_ag,HOCHTIEF AG,HOCHTIEF AG,2023,C:\Universita\TESI\esg_agent\RAG_full\marker_artifacts\hochtief_ag\2023\focused\hochtief_ag_2023_taxonomy_focused.md,ok,,,False,8,0.65,0.35,17,12,8,0.007438,0.380143,80.644755,82.885111,8,0
hamburger_hafen_und_logistik_ag,Hamburger Hafen und Logistik AG,Hamburger Hafen und Logistik AG,2023,C:\Universita\TESI\esg_agent\RAG_full\marker_artifacts\hamburger_hafen_und_logistik_ag\2023\focused\hamburger_hafen_und_logistik_ag_2023_taxonomy_focused.md,ok,,,False,8,0.65,0.35,17,3,3,0.010308,0.321642,9.53833,10.62689,3,0
hawesko_holding_se,Hawesko Holding SE,Hawesko Holding SE,2023,C:\Universita\TESI\esg_agent\RAG_full\marker_artifacts\hawesko_holding_se\2023\focused\hawesko_holding_se_2023_taxonomy_focused.md,ok,,,False,8,0.65,0.35,17,7,7,0.00915,0.34074,27.536396,29.719727,7,0
heidelberg_materials_ag,Heidelberg Materials AG,Heidelberg Materials AG,2023,C:\Universita\TESI\esg_agent\RAG_full\marker_artifacts\heidelberg_materials_ag\2023\focused\heidelberg_materials_ag_2023_taxonomy_focused.md,ok,,,False,8,0.65,0.35,17,6,6,0.008951,0.448953,31.205008,32.97097,6,0
hugo_boss_ag,Hugo Boss AG,Hugo Boss AG,2023,C:\Universita\TESI\esg_agent\RAG_full\marker_artifacts\hugo_boss_ag\2023\focused\hugo_boss_ag_2023_taxonomy_focused.md,ok,,,False,8,0.65,0.35,17,6,6,0.008538,0.400614,11.257591,13.007682,6,0
iberdrola_sa,IBERDROLA SA,IBERDROLA SA,2024,C:\Universita\TESI\esg_agent\RAG_full\marker_artifacts\iberdrola_sa\2024\focused\iberdrola_sa_2024_taxonomy_focused.md,ok,,,False,8,0.65,0.35,17,6,6,0.012024,0.324657,15.984075,17.575464,6,0
industria_de_diseno_textil_s_a,INDUSTRIA DE DISENO TEXTIL S.A.,INDUSTRIA DE DISENO TEXTIL S.A.,2024,C:\Universita\TESI\esg_agent\RAG_full\marker_artifacts\industria_de_diseno_textil_s_a\2024\focused\industria_de_diseno_textil_s_a_2024_taxonomy_focused.md,ok,,,False,8,0.65,0.35,17,4,4,0.007934,0.366197,15.792005,17.000251,4,0
international_consolidated_airlines_group_s_a,INTERNATIONAL CONSOLIDATED AIRLINES GROUP S.A,INTERNATIONAL CONSOLIDATED AIRLINES GROUP S.A,2024,C:\Universita\TESI\esg_agent\RAG_full\marker_artifacts\international_consolidated_airlines_group_s_a\2024\focused\international_consolidated_airlines_group_s_a_2024_taxonomy_focused.md,ok,,,False,8,0.65,0.35,17,4,4,0.003317,0.385457,8.139022,9.384176,4,0
iss_a_s,ISS A/S,ISS A/S,2024,C:\Universita\TESI\esg_agent\RAG_full\marker_artifacts\iss_a_s\2024\focused\iss_a_s_2024_taxonomy_focused.md,ok,,,False,8,0.65,0.35,17,12,8,0.016281,0.388501,33.291524,35.458261,8,0
ivu_traffic_technologies_ag,IVU Traffic Technologies AG,IVU Traffic Technologies AG,2023,C:\Universita\TESI\esg_agent\RAG_full\marker_artifacts\ivu_traffic_technologies_ag\2023\focused\ivu_traffic_technologies_ag_2023_taxonomy_focused.md,ok,,,False,8,0.65,0.35,17,5,5,0.017352,0.430569,13.385119,14.986965,5,0
immofinanz_ag,Immofinanz AG,Immofinanz AG,2023,C:\Universita\TESI\esg_agent\RAG_full\marker_artifacts\immofinanz_ag\2023\focused\immofinanz_ag_2023_taxonomy_focused.md,ok,,,False,8,0.65,0.35,17,6,6,0.009389,0.320009,30.193448,31.889014,6,0
industria_de_dise_o_textil_s_a,"Industria de Diseño Textil, S.A.","Industria de Diseño Textil, S.A.",2023,C:\Universita\TESI\esg_agent\RAG_full\marker_artifacts\industria_de_dise_o_textil_s_a\2023\focused\industria_de_dise_o_textil_s_a_2023_taxonomy_focused.md,ok,,,False,8,0.65,0.35,17,6,6,0.00922,0.312416,10.839058,12.516445,6,0
instone_real_estate_group,Instone Real Estate Group,Instone Real Estate Group,2023,C:\Universita\TESI\esg_agent\RAG_full\marker_artifacts\instone_real_estate_group\2023\focused\instone_real_estate_group_2023_taxonomy_focused.md,ok,,,False,8,0.65,0.35,17,3,3,0.008764,0.351328,6.217148,7.281019,3,0
jeronimo_martins_sgps_s_a,JERONIMO MARTINS SGPS S.A.,JERONIMO MARTINS SGPS S.A.,2024,C:\Universita\TESI\esg_agent\RAG_full\marker_artifacts\jeronimo_martins_sgps_s_a\2024\focused\jeronimo_martins_sgps_s_a_2024_taxonomy_focused.md,ok,,,False,8,0.65,0.35,17,6,6,0.004664,0.353273,12.735358,14.425546,6,0
jenoptik_ag,Jenoptik AG,Jenoptik AG,2023,C:\Universita\TESI\esg_agent\RAG_full\marker_artifacts\jenoptik_ag\2023\focused\jenoptik_ag_2023_taxonomy_focused.md,ok,,,False,8,0.65,0.35,17,7,7,0.011727,0.411605,28.996942,31.025451,7,0
jungheinrich_ag,Jungheinrich AG,Jungheinrich AG,2023,C:\Universita\TESI\esg_agent\RAG_full\marker_artifacts\jungheinrich_ag\2023\focused\jungheinrich_ag_2023_taxonomy_focused.md,ok,,,False,8,0.65,0.35,17,10,8,0.022327,0.429195,27.801395,30.264177,8,0
k_s_aktiengesellschaft,K+S Aktiengesellschaft,K+S Aktiengesellschaft,2023,C:\Universita\TESI\esg_agent\RAG_full\marker_artifacts\k_s_aktiengesellschaft\2023\focused\k_s_aktiengesellschaft_2023_taxonomy_focused.md,ok,,,False,8,0.65,0.35,17,12,8,0.014066,0.350917,57.121384,59.35838,8,0
koninklijke_ahold_delhaize_n_v,KONINKLIJKE AHOLD DELHAIZE N.V.,KONINKLIJKE AHOLD DELHAIZE N.V.,2024,C:\Universita\TESI\esg_agent\RAG_full\marker_artifacts\koninklijke_ahold_delhaize_n_v\2024\focused\koninklijke_ahold_delhaize_n_v_2024_taxonomy_focused.md,ok,,,False,8,0.65,0.35,17,5,5,0.014616,0.381809,31.644373,33.132573,5,0
ksb_se_co_kgaa_vz,KSB SE & Co. KGaA Vz,KSB SE & Co. KGaA Vz,2023,C:\Universita\TESI\esg_agent\RAG_full\marker_artifacts\ksb_se_co_kgaa_vz\2023\focused\ksb_se_co_kgaa_vz_2023_taxonomy_focused.md,ok,,,False,8,0.65,0.35,17,12,8,0.02401,0.425541,27.457265,29.797504,8,0
kl_ckner_co_se,Klöckner & Co SE,Klöckner & Co SE,2023,C:\Universita\TESI\esg_agent\RAG_full\marker_artifacts\kl_ckner_co_se\2023\focused\kl_ckner_co_se_2023_taxonomy_focused.md,ok,,,False,8,0.65,0.35,17,6,6,0.0089,0.33236,28.502157,30.235421,6,0
knorr_bremse_ag,Knorr-Bremse AG,Knorr-Bremse AG,2023,C:\Universita\TESI\esg_agent\RAG_full\marker_artifacts\knorr_bremse_ag\2023\focused\knorr_bremse_ag_2023_taxonomy_focused.md,ok,,,False,8,0.65,0.35,17,10,8,0.013522,0.405681,21.200957,23.46245,8,0
koenig_bauer_ag,Koenig & Bauer AG,Koenig & Bauer AG,2023,C:\Universita\TESI\esg_agent\RAG_full\marker_artifacts\koenig_bauer_ag\2023\focused\koenig_bauer_ag_2023_taxonomy_focused.md,ok,,,False,8,0.65,0.35,17,7,7,0.020834,0.41888,15.768004,17.916253,7,0
krones_ag,Krones AG,Krones AG,2023,C:\Universita\TESI\esg_agent\RAG_full\marker_artifacts\krones_ag\2023\focused\krones_ag_2023_taxonomy_focused.md,ok,,,False,8,0.65,0.35,17,8,8,0.023587,1.244053,32.764489,35.874927,8,0
l_oreal,L'OREAL,L'OREAL,2024,C:\Universita\TESI\esg_agent\RAG_full\marker_artifacts\l_oreal\2024\focused\l_oreal_2024_taxonomy_focused.md,ok,,,False,8,0.65,0.35,17,8,8,0.021632,0.42,17.667984,19.872672,8,0
lacroix_group,LACROIX Group,LACROIX Group,2023,C:\Universita\TESI\esg_agent\RAG_full\marker_artifacts\lacroix_group\2023\focused\lacroix_group_2023_taxonomy_focused.md,ok,,,False,8,0.65,0.35,17,5,5,0.021371,0.389964,30.383595,31.956826,5,0
lanxess_ag,LANXESS AG,LANXESS AG,2023,C:\Universita\TESI\esg_agent\RAG_full\marker_artifacts\lanxess_ag\2023\focused\lanxess_ag_2023_taxonomy_focused.md,ok,,,False,8,0.65,0.35,17,8,8,0.026566,0.366775,31.752716,34.061328,8,0
leg_immobilien_se,LEG Immobilien SE,LEG Immobilien SE,2023,C:\Universita\TESI\esg_agent\RAG_full\marker_artifacts\leg_immobilien_se\2023\focused\leg_immobilien_se_2023_taxonomy_focused.md,ok,,,False,8,0.65,0.35,17,8,8,0.016951,0.400289,20.273418,22.560313,8,0
lenzing_ag,Lenzing AG,Lenzing AG,2023,C:\Universita\TESI\esg_agent\RAG_full\marker_artifacts\lenzing_ag\2023\focused\lenzing_ag_2023_taxonomy_focused.md,ok,,,False,8,0.65,0.35,17,7,7,0.013329,0.362208,18.798431,20.886472,7,0
mbb_se,MBB SE,MBB SE,2023,C:\Universita\TESI\esg_agent\RAG_full\marker_artifacts\mbb_se\2023\focused\mbb_se_2023_taxonomy_focused.md,ok,,,False,8,0.65,0.35,17,6,6,0.019909,0.388797,13.50614,15.364614,6,0
mercedes_benz_group_ag,MERCEDES-BENZ GROUP AG,MERCEDES-BENZ GROUP AG,2024,C:\Universita\TESI\esg_agent\RAG_full\marker_artifacts\mercedes_benz_group_ag\2024\focused\mercedes_benz_group_ag_2024_taxonomy_focused.md,ok,,,False,8,0.65,0.35,17,8,8,0.02173,0.403059,15.667834,17.855052,8,0
mtu_aero_engines_ag,MTU Aero Engines AG,MTU Aero Engines AG,2023,C:\Universita\TESI\esg_agent\RAG_full\marker_artifacts\mtu_aero_engines_ag\2023\focused\mtu_aero_engines_ag_2023_taxonomy_focused.md,ok,,,False,8,0.65,0.35,17,8,8,0.019856,0.346841,16.7348,19.038611,8,0
mediclin_ag,MediClin AG,MediClin AG,2023,C:\Universita\TESI\esg_agent\RAG_full\marker_artifacts\mediclin_ag\2023\focused\mediclin_ag_2023_taxonomy_focused.md,ok,,,False,8,0.65,0.35,17,5,5,0.019866,0.35753,10.636179,12.178864,5,0
medios_ag,Medios AG,Medios AG,2023,C:\Universita\TESI\esg_agent\RAG_full\marker_artifacts\medios_ag\2023\focused\medios_ag_2023_taxonomy_focused.md,ok,,,False,8,0.65,0.35,17,9,8,0.021504,0.411078,15.096696,17.402028,8,0
melia_hotels_international_s_a,"Melia Hotels International, S.A.","Melia Hotels International, S.A.",2023,C:\Universita\TESI\esg_agent\RAG_full\marker_artifacts\melia_hotels_international_s_a\2023\focused\melia_hotels_international_s_a_2023_taxonomy_focused.md,ok,,,False,8,0.65,0.35,17,7,7,0.02133,0.39172,28.550401,30.683593,7,0
minor_hotels_europe_americas_s_a,"Minor Hotels Europe & Americas, S.A.","Minor Hotels Europe & Americas, S.A.",2023,C:\Universita\TESI\esg_agent\RAG_full\marker_artifacts\minor_hotels_europe_americas_s_a\2023\focused\minor_hotels_europe_americas_s_a_2023_taxonomy_focused.md,ok,,,False,8,0.65,0.35,17,8,8,0.01902,0.393963,18.662629,21.099728,8,0
mister_spex_se,Mister Spex SE,Mister Spex SE,2023,C:\Universita\TESI\esg_agent\RAG_full\marker_artifacts\mister_spex_se\2023\focused\mister_spex_se_2023_taxonomy_focused.md,ok,,,False,8,0.65,0.35,17,8,8,0.02409,0.416403,14.13079,16.383754,8,0
norma_group_se,NORMA Group SE,NORMA Group SE,2023,C:\Universita\TESI\esg_agent\RAG_full\marker_artifacts\norma_group_se\2023\focused\norma_group_se_2023_taxonomy_focused.md,ok,,,False,8,0.65,0.35,17,12,8,0.024051,0.616943,53.401858,55.994438,8,0
novo_nordisk_a_s,NOVO NORDISK A/S,NOVO NORDISK A/S,2024,C:\Universita\TESI\esg_agent\RAG_full\marker_artifacts\novo_nordisk_a_s\2024\focused\novo_nordisk_a_s_2024_taxonomy_focused.md,ok,,,False,8,0.65,0.35,17,4,4,0.018383,0.39638,14.498141,15.774176,4,0
nemetschek_se,Nemetschek SE,Nemetschek SE,2023,C:\Universita\TESI\esg_agent\RAG_full\marker_artifacts\nemetschek_se\2023\focused\nemetschek_se_2023_taxonomy_focused.md,ok,,,False,8,0.65,0.35,17,5,5,0.025986,0.342424,14.079424,15.675953,5,0
omv_ag,OMV AG,OMV AG,2023,C:\Universita\TESI\esg_agent\RAG_full\marker_artifacts\omv_ag\2023\focused\omv_ag_2023_taxonomy_focused.md,ok,,,False,8,0.65,0.35,17,10,8,0.021164,0.42579,26.792815,29.245507,8,0
omv_aktiengesellschaft,OMV AKTIENGESELLSCHAFT,OMV AKTIENGESELLSCHAFT,2024,C:\Universita\TESI\esg_agent\RAG_full\marker_artifacts\omv_aktiengesellschaft\2024\focused\omv_aktiengesellschaft_2024_taxonomy_focused.md,ok,,,False,8,0.65,0.35,17,7,7,0.007453,0.355142,57.428362,59.333951,7,0
patrizia_se,PATRIZIA SE,PATRIZIA SE,2023,C:\Universita\TESI\esg_agent\RAG_full\marker_artifacts\patrizia_se\2023\focused\patrizia_se_2023_taxonomy_focused.md,ok,,,False,8,0.65,0.35,17,12,8,0.024275,0.468523,22.282598,24.667662,8,0
pne_ag,PNE AG,PNE AG,2023,C:\Universita\TESI\esg_agent\RAG_full\marker_artifacts\pne_ag\2023\focused\pne_ag_2023_taxonomy_focused.md,ok,,,False,8,0.65,0.35,17,7,7,0.012398,0.334,13.786468,15.783152,7,0
polytec_holding_ag,POLYTEC Holding AG,POLYTEC Holding AG,2023,C:\Universita\TESI\esg_agent\RAG_full\marker_artifacts\polytec_holding_ag\2023\focused\polytec_holding_ag_2023_taxonomy_focused.md,ok,,,False,8,0.65,0.35,17,9,8,0.014982,0.706373,18.177011,20.789359,8,0
porr_ag,PORR AG,PORR AG,2023,C:\Universita\TESI\esg_agent\RAG_full\marker_artifacts\porr_ag\2023\focused\porr_ag_2023_taxonomy_focused.md,ok,,,False,8,0.65,0.35,17,8,8,0.010779,0.401146,25.422329,27.747324,8,0
psi_software_se,PSI Software SE,PSI Software SE,2023,C:\Universita\TESI\esg_agent\RAG_full\marker_artifacts\psi_software_se\2023\focused\psi_software_se_2023_taxonomy_focused.md,ok,,,False,8,0.65,0.35,17,5,5,0.019373,0.522779,25.20544,26.937254,5,0
pva_tepla_ag,PVA TePla AG,PVA TePla AG,2023,C:\Universita\TESI\esg_agent\RAG_full\marker_artifacts\pva_tepla_ag\2023\focused\pva_tepla_ag_2023_taxonomy_focused.md,ok,,,False,8,0.65,0.35,17,7,7,0.022093,0.394975,18.46581,20.483118,7,0
palfinger_ag,Palfinger AG,Palfinger AG,2023,C:\Universita\TESI\esg_agent\RAG_full\marker_artifacts\palfinger_ag\2023\focused\palfinger_ag_2023_taxonomy_focused.md,ok,,,False,8,0.65,0.35,17,5,5,0.010099,0.332891,12.042914,13.724654,5,0
porsche_ag_vz,Porsche AG Vz,Porsche AG Vz,2023,C:\Universita\TESI\esg_agent\RAG_full\marker_artifacts\porsche_ag_vz\2023\focused\porsche_ag_vz_2023_taxonomy_focused.md,ok,,,False,8,0.65,0.35,17,13,8,0.021875,0.530416,18.538419,21.314842,8,0
prosiebensat_1_media_se,ProSiebenSat.1 Media SE,ProSiebenSat.1 Media SE,2023,C:\Universita\TESI\esg_agent\RAG_full\marker_artifacts\prosiebensat_1_media_se\2023\focused\prosiebensat_1_media_se_2023_taxonomy_focused.md,ok,,,False,8,0.65,0.35,17,7,7,0.009459,0.367204,45.23447,47.274601,7,0
prosegur_cash_s_a,"Prosegur Cash, S.A.","Prosegur Cash, S.A.",2023,C:\Universita\TESI\esg_agent\RAG_full\marker_artifacts\prosegur_cash_s_a\2023\focused\prosegur_cash_s_a_2023_taxonomy_focused.md,ok,,,False,8,0.65,0.35,17,15,8,0.013334,0.456738,15.432355,17.830479,8,0
r_stahl_ag,R. Stahl AG,R. Stahl AG,2023,C:\Universita\TESI\esg_agent\RAG_full\marker_artifacts\r_stahl_ag\2023\focused\r_stahl_ag_2023_taxonomy_focused.md,ok,,,False,8,0.65,0.35,17,20,8,0.029731,0.497452,20.600229,23.023738,8,0
renault,RENAULT,RENAULT,2024,C:\Universita\TESI\esg_agent\RAG_full\marker_artifacts\renault\2024\focused\renault_2024_taxonomy_focused.md,ok,,,False,8,0.65,0.35,17,7,7,0.019772,0.378368,38.641045,40.566175,7,0
repsol_sa,REPSOL SA.,REPSOL SA.,2024,C:\Universita\TESI\esg_agent\RAG_full\marker_artifacts\repsol_sa\2024\focused\repsol_sa_2024_taxonomy_focused.md,ok,,,False,8,0.65,0.35,17,9,8,0.027348,0.421241,62.591721,64.779962,8,0
rh_n_klinikum_ag,RHÖN-KLINIKUM AG,RHÖN-KLINIKUM AG,2023,C:\Universita\TESI\esg_agent\RAG_full\marker_artifacts\rh_n_klinikum_ag\2023\focused\rh_n_klinikum_ag_2023_taxonomy_focused.md,ok,,,False,8,0.65,0.35,17,9,8,0.023163,0.383961,26.278232,28.542141,8,0
ringmetall_se_na_o_n,RINGMETALL SE  NA O.N.,RINGMETALL SE  NA O.N.,2023,C:\Universita\TESI\esg_agent\RAG_full\marker_artifacts\ringmetall_se_na_o_n\2023\focused\ringmetall_se_na_o_n_2023_taxonomy_focused.md,ok,,,False,8,0.65,0.35,17,7,7,0.018785,0.449709,13.382334,15.492316,7,0
rwe_ag_st,RWE AG St,RWE AG St,2023,C:\Universita\TESI\esg_agent\RAG_full\marker_artifacts\rwe_ag_st\2023\focused\rwe_ag_st_2023_taxonomy_focused.md,ok,,,False,8,0.65,0.35,17,8,8,0.016186,0.340711,30.884013,33.160749,8,0
renta_4_banco_s_a,"Renta 4 Banco, S.A.","Renta 4 Banco, S.A.",2023,C:\Universita\TESI\esg_agent\RAG_full\marker_artifacts\renta_4_banco_s_a\2023\focused\renta_4_banco_s_a_2023_taxonomy_focused.md,ok,,,False,8,0.65,0.35,17,27,8,0.019189,0.416996,15.18338,17.675458,8,0
rheinmetall_ag,Rheinmetall AG,Rheinmetall AG,2023,C:\Universita\TESI\esg_agent\RAG_full\marker_artifacts\rheinmetall_ag\2023\focused\rheinmetall_ag_2023_taxonomy_focused.md,ok,,,False,8,0.65,0.35,17,9,8,0.021394,0.984604,36.118105,39.002241,8,0
s_immo_ag,S IMMO AG,S IMMO AG,2023,C:\Universita\TESI\esg_agent\RAG_full\marker_artifacts\s_immo_ag\2023\focused\s_immo_ag_2023_taxonomy_focused.md,ok,,,False,8,0.65,0.35,17,13,8,0.017236,0.530994,37.139103,39.526398,8,0
safran,SAFRAN,SAFRAN,2024,C:\Universita\TESI\esg_agent\RAG_full\marker_artifacts\safran\2024\focused\safran_2024_taxonomy_focused.md,ok,,,False,8,0.65,0.35,17,6,6,0.011706,0.388292,32.179074,33.894702,6,0
sap_se,SAP SE,SAP SE,2023,C:\Universita\TESI\esg_agent\RAG_full\marker_artifacts\sap_se\2023\focused\sap_se_2023_taxonomy_focused.md,ok,,,False,8,0.65,0.35,17,7,7,0.008042,0.343388,14.05889,16.060038,7,0
schneider_electric_se,SCHNEIDER ELECTRIC SE,SCHNEIDER ELECTRIC SE,2024,C:\Universita\TESI\esg_agent\RAG_full\marker_artifacts\schneider_electric_se\2024\focused\schneider_electric_se_2024_taxonomy_focused.md,ok,,,False,8,0.65,0.35,17,9,8,0.014393,0.447844,37.750542,39.928787,8,0
schoeller_bleckmann_ag,SCHOELLER-BLECKMANN AG,SCHOELLER-BLECKMANN AG,2023,C:\Universita\TESI\esg_agent\RAG_full\marker_artifacts\schoeller_bleckmann_ag\2023\focused\schoeller_bleckmann_ag_2023_taxonomy_focused.md,ok,,,False,8,0.65,0.35,17,5,5,0.018532,0.370348,10.446445,12.076941,5,0
sgl_carbon_se,SGL Carbon SE,SGL Carbon SE,2023,C:\Universita\TESI\esg_agent\RAG_full\marker_artifacts\sgl_carbon_se\2023\focused\sgl_carbon_se_2023_taxonomy_focused.md,ok,,,False,8,0.65,0.35,17,7,7,0.045507,0.398302,26.205584,28.259192,7,0
shell_plc,SHELL PLC,SHELL PLC,2024,C:\Universita\TESI\esg_agent\RAG_full\marker_artifacts\shell_plc\2024\focused\shell_plc_2024_taxonomy_focused.md,ok,,,False,8,0.65,0.35,17,8,8,0.027018,0.42116,21.255211,23.458692,8,0
sma_solar_technology_ag,SMA Solar Technology AG,SMA Solar Technology AG,2023,C:\Universita\TESI\esg_agent\RAG_full\marker_artifacts\sma_solar_technology_ag\2023\focused\sma_solar_technology_ag_2023_taxonomy_focused.md,ok,,,False,8,0.65,0.35,17,17,8,0.027161,0.462951,41.168187,43.62019,8,0
strabag_se,STRABAG SE,STRABAG SE,2023,C:\Universita\TESI\esg_agent\RAG_full\marker_artifacts\strabag_se\2023\focused\strabag_se_2023_taxonomy_focused.md,ok,,,False,8,0.65,0.35,17,8,8,0.022837,0.40763,54.391956,56.741879,8,0
stratec_se,STRATEC SE,STRATEC SE,2023,C:\Universita\TESI\esg_agent\RAG_full\marker_artifacts\stratec_se\2023\focused\stratec_se_2023_taxonomy_focused.md,ok,,,False,8,0.65,0.35,17,7,7,0.02275,3.115072,28.720165,33.560369,7,0
suss_microtec_se,SUSS MicroTec SE,SUSS MicroTec SE,2023,C:\Universita\TESI\esg_agent\RAG_full\marker_artifacts\suss_microtec_se\2023\focused\suss_microtec_se_2023_taxonomy_focused.md,ok,,,False,8,0.65,0.35,17,6,6,0.023111,0.429573,20.207543,22.138092,6,0
salzgitter_ag,Salzgitter AG,Salzgitter AG,2023,C:\Universita\TESI\esg_agent\RAG_full\marker_artifacts\salzgitter_ag\2023\focused\salzgitter_ag_2023_taxonomy_focused.md,ok,,,False,8,0.65,0.35,17,9,8,0.020544,0.38818,15.649198,18.030684,8,0
sartorius_ag_st,Sartorius AG St,Sartorius AG St,2023,C:\Universita\TESI\esg_agent\RAG_full\marker_artifacts\sartorius_ag_st\2023\focused\sartorius_ag_st_2023_taxonomy_focused.md,ok,,,False,8,0.65,0.35,17,7,7,0.021652,0.358192,32.783096,34.81235,7,0
sartorius_ag_vz,Sartorius AG Vz,Sartorius AG Vz,2023,C:\Universita\TESI\esg_agent\RAG_full\marker_artifacts\sartorius_ag_vz\2023\focused\sartorius_ag_vz_2023_taxonomy_focused.md,ok,,,False,8,0.65,0.35,17,7,7,0.014588,0.378043,14.402187,16.417082,7,0
savencia,Savencia,Savencia,2023,C:\Universita\TESI\esg_agent\RAG_full\marker_artifacts\savencia\2023\focused\savencia_2023_taxonomy_focused.md,ok,,,False,8,0.65,0.35,17,12,8,0.006845,0.355773,14.436883,16.567754,8,0
scout24_se,Scout24 SE,Scout24 SE,2023,C:\Universita\TESI\esg_agent\RAG_full\marker_artifacts\scout24_se\2023\focused\scout24_se_2023_taxonomy_focused.md,ok,,,False,8,0.65,0.35,17,8,8,0.024276,0.45717,18.007705,20.382797,8,0
siltronic_ag,Siltronic AG,Siltronic AG,2023,C:\Universita\TESI\esg_agent\RAG_full\marker_artifacts\siltronic_ag\2023\focused\siltronic_ag_2023_taxonomy_focused.md,ok,,,False,8,0.65,0.35,17,6,6,0.019869,0.395525,13.916921,15.761671,6,0
syzygy_ag,Syzygy AG,Syzygy AG,2023,C:\Universita\TESI\esg_agent\RAG_full\marker_artifacts\syzygy_ag\2023\focused\syzygy_ag_2023_taxonomy_focused.md,ok,,,False,8,0.65,0.35,17,6,6,0.021558,0.407477,15.5362,17.499263,6,0
takkt_ag,TAKKT AG,TAKKT AG,2023,C:\Universita\TESI\esg_agent\RAG_full\marker_artifacts\takkt_ag\2023\focused\takkt_ag_2023_taxonomy_focused.md,ok,,,False,8,0.65,0.35,17,5,5,0.025083,0.36547,9.606339,11.465329,5,0
telefonica_sa,TELEFONICA SA,TELEFONICA SA,2024,C:\Universita\TESI\esg_agent\RAG_full\marker_artifacts\telefonica_sa\2024\focused\telefonica_sa_2024_taxonomy_focused.md,ok,,,False,8,0.65,0.35,17,7,7,0.027134,0.467007,22.223258,24.269934,7,0
talanx_aktiengesellschaft,Talanx Aktiengesellschaft,Talanx Aktiengesellschaft,2023,C:\Universita\TESI\esg_agent\RAG_full\marker_artifacts\talanx_aktiengesellschaft\2023\focused\talanx_aktiengesellschaft_2023_taxonomy_focused.md,ok,,,False,8,0.65,0.35,17,14,8,0.022911,0.623118,43.163594,45.89576,8,0
teamviewer_se,TeamViewer SE,TeamViewer SE,2023,C:\Universita\TESI\esg_agent\RAG_full\marker_artifacts\teamviewer_se\2023\focused\teamviewer_se_2023_taxonomy_focused.md,ok,,,False,8,0.65,0.35,17,3,3,0.022044,0.383531,5.407713,6.631235,3,0
tubos_reunidos,Tubos Reunidos,Tubos Reunidos,2023,C:\Universita\TESI\esg_agent\RAG_full\marker_artifacts\tubos_reunidos\2023\focused\tubos_reunidos_2023_taxonomy_focused.md,ok,,,False,8,0.65,0.35,17,3,3,0.018641,0.466215,4.910496,6.052487,3,0
uniqa_insurance_group_ag,UNIQA Insurance Group AG,UNIQA Insurance Group AG,2023,C:\Universita\TESI\esg_agent\RAG_full\marker_artifacts\uniqa_insurance_group_ag\2023\focused\uniqa_insurance_group_ag_2023_taxonomy_focused.md,ok,,,False,8,0.65,0.35,17,12,8,0.021451,0.463577,30.940977,33.351452,8,0
verbund_ag,VERBUND AG,VERBUND AG,2023,C:\Universita\TESI\esg_agent\RAG_full\marker_artifacts\verbund_ag\2023\focused\verbund_ag_2023_taxonomy_focused.md,ok,,,False,8,0.65,0.35,17,4,4,0.018212,0.444582,9.5396,11.01959,4,0
verbund_ag,VERBUND AG,VERBUND AG,2024,C:\Universita\TESI\esg_agent\RAG_full\marker_artifacts\verbund_ag\2024\focused\verbund_ag_2024_taxonomy_focused.md,ok,,,False,8,0.65,0.35,17,5,5,0.020012,0.349772,18.268471,19.736255,5,0
vienna_insurance_group_ag,VIENNA INSURANCE GROUP AG,VIENNA INSURANCE GROUP AG,2023,C:\Universita\TESI\esg_agent\RAG_full\marker_artifacts\vienna_insurance_group_ag\2023\focused\vienna_insurance_group_ag_2023_taxonomy_focused.md,ok,,,False,8,0.65,0.35,17,7,7,0.024817,0.411345,21.024913,23.023698,7,0
vodafone_group_plc,VODAFONE GROUP PLC,VODAFONE GROUP PLC,2024,C:\Universita\TESI\esg_agent\RAG_full\marker_artifacts\vodafone_group_plc\2024\focused\vodafone_group_plc_2024_taxonomy_focused.md,ok,,,False,8,0.65,0.35,17,6,6,0.027398,0.383421,9.829015,11.558623,6,0
virbac,Virbac,Virbac,2023,C:\Universita\TESI\esg_agent\RAG_full\marker_artifacts\virbac\2023\focused\virbac_2023_taxonomy_focused.md,ok,,,False,8,0.65,0.35,17,10,8,0.01528,0.416372,19.672651,22.023525,8,0
viscom_se,Viscom SE,Viscom SE,2023,C:\Universita\TESI\esg_agent\RAG_full\marker_artifacts\viscom_se\2023\focused\viscom_se_2023_taxonomy_focused.md,ok,,,False,8,0.65,0.35,17,7,7,0.024927,0.429813,14.578951,16.687629,7,0
volkswagen_ag_st,Volkswagen AG St,Volkswagen AG St,2023,C:\Universita\TESI\esg_agent\RAG_full\marker_artifacts\volkswagen_ag_st\2023\focused\volkswagen_ag_st_2023_taxonomy_focused.md,ok,,,False,8,0.65,0.35,17,11,8,0.02375,0.455459,19.56647,22.037037,8,0
volkswagen_ag_vz,Volkswagen AG Vz,Volkswagen AG Vz,2023,C:\Universita\TESI\esg_agent\RAG_full\marker_artifacts\volkswagen_ag_vz\2023\focused\volkswagen_ag_vz_2023_taxonomy_focused.md,ok,,,False,8,0.65,0.35,17,10,8,0.022435,0.471064,21.392574,23.930031,8,0
vonovia_se,Vonovia SE,Vonovia SE,2023,C:\Universita\TESI\esg_agent\RAG_full\marker_artifacts\vonovia_se\2023\focused\vonovia_se_2023_taxonomy_focused.md,ok,,,False,8,0.65,0.35,17,7,7,0.010327,0.36733,33.918159,35.967243,7,0
vossloh_ag,Vossloh AG,Vossloh AG,2023,C:\Universita\TESI\esg_agent\RAG_full\marker_artifacts\vossloh_ag\2023\focused\vossloh_ag_2023_taxonomy_focused.md,ok,,,False,8,0.65,0.35,17,4,4,0.018165,0.392908,7.162912,8.496771,4,0
warimpex_finanz_und_bet_ag,Warimpex Finanz- und Bet. AG,Warimpex Finanz- und Bet. AG,2023,C:\Universita\TESI\esg_agent\RAG_full\marker_artifacts\warimpex_finanz_und_bet_ag\2023\focused\warimpex_finanz_und_bet_ag_2023_taxonomy_focused.md,ok,,,False,8,0.65,0.35,17,4,4,0.019265,0.417015,18.184225,19.568422,4,0
washtec_ag,WashTec AG,WashTec AG,2023,C:\Universita\TESI\esg_agent\RAG_full\marker_artifacts\washtec_ag\2023\focused\washtec_ag_2023_taxonomy_focused.md,ok,,,False,8,0.65,0.35,17,8,8,0.022606,0.380857,20.85095,23.090943,8,0
westwing_group_se,Westwing Group SE,Westwing Group SE,2023,C:\Universita\TESI\esg_agent\RAG_full\marker_artifacts\westwing_group_se\2023\focused\westwing_group_se_2023_taxonomy_focused.md,ok,,,False,8,0.65,0.35,17,6,6,0.021073,0.427891,11.141392,12.954233,6,0
wienerberger_ag,Wienerberger AG,Wienerberger AG,2023,C:\Universita\TESI\esg_agent\RAG_full\marker_artifacts\wienerberger_ag\2023\focused\wienerberger_ag_2023_taxonomy_focused.md,ok,,,False,8,0.65,0.35,17,14,8,0.022792,0.537341,17.743681,20.292411,8,0
w_stenrot_w_rttembergische_ag,Wüstenrot & Württembergische AG,Wüstenrot & Württembergische AG,2023,C:\Universita\TESI\esg_agent\RAG_full\marker_artifacts\w_stenrot_w_rttembergische_ag\2023\focused\w_stenrot_w_rttembergische_ag_2023_taxonomy_focused.md,ok,,,False,8,0.65,0.35,17,14,8,0.026128,0.437754,25.780368,28.149815,8,0
zalando_se,Zalando SE,Zalando SE,2023,C:\Universita\TESI\esg_agent\RAG_full\marker_artifacts\zalando_se\2023\focused\zalando_se_2023_taxonomy_focused.md,ok,,,False,8,0.65,0.35,17,3,3,0.019565,0.363995,11.386119,12.583283,3,0
zumtobel_group_ag,Zumtobel Group AG,Zumtobel Group AG,2023,C:\Universita\TESI\esg_agent\RAG_full\marker_artifacts\zumtobel_group_ag\2023\focused\zumtobel_group_ag_2023_taxonomy_focused.md,ok,,,False,8,0.65,0.35,17,7,7,0.022814,0.376134,14.201122,16.276228,7,0
adidas_ag,adidas AG,adidas AG,2023,C:\Universita\TESI\esg_agent\RAG_full\marker_artifacts\adidas_ag\2023\focused\adidas_ag_2023_taxonomy_focused.md,ok,,,False,8,0.65,0.35,17,9,8,0.018941,0.386536,17.432749,19.744014,8,0
freenet_ag,freenet AG,freenet AG,2023,C:\Universita\TESI\esg_agent\RAG_full\marker_artifacts\freenet_ag\2023\focused\freenet_ag_2023_taxonomy_focused.md,ok,,,False,8,0.65,0.35,17,10,8,0.019339,0.391706,21.250744,23.519171,8,0
grenke_ag,grenke AG,grenke AG,2023,C:\Universita\TESI\esg_agent\RAG_full\marker_artifacts\grenke_ag\2023\focused\grenke_ag_2023_taxonomy_focused.md,ok,,,False,8,0.65,0.35,17,10,8,0.018838,0.387872,38.678536,41.017373,8,0
secunet_security_networks_ag,secunet Security Networks AG,secunet Security Networks AG,2023,C:\Universita\TESI\esg_agent\RAG_full\marker_artifacts\secunet_security_networks_ag\2023\focused\secunet_security_networks_ag_2023_taxonomy_focused.md,ok,,,False,8,0.65,0.35,17,8,8,0.021165,0.444643,18.447521,20.79143,8,0
technotrans_se,technotrans SE,technotrans SE,2023,C:\Universita\TESI\esg_agent\RAG_full\marker_artifacts\technotrans_se\2023\focused\technotrans_se_2023_taxonomy_focused.md,ok,,,False,8,0.65,0.35,17,8,8,0.018464,0.405021,19.431918,21.710736,8,0
